-- Adminer 3.7.1 MySQL dump

SET NAMES utf8;
SET foreign_key_checks = 0;
SET time_zone = '+06:00';
SET sql_mode = 'NO_AUTO_VALUE_ON_ZERO';

DROP TABLE IF EXISTS `appeal_documents`;
CREATE TABLE `appeal_documents` (
  `appeal_id` int(11) NOT NULL,
  `document_id` int(11) NOT NULL,
  UNIQUE KEY `appeal_id_document_id` (`appeal_id`,`document_id`),
  KEY `appeal_id` (`appeal_id`),
  KEY `document_id` (`document_id`),
  CONSTRAINT `appeal_documents_ibfk_1` FOREIGN KEY (`appeal_id`) REFERENCES `model_appeal` (`id`) ON DELETE CASCADE ON UPDATE CASCADE,
  CONSTRAINT `appeal_documents_ibfk_2` FOREIGN KEY (`document_id`) REFERENCES `model_document` (`id`) ON DELETE CASCADE ON UPDATE CASCADE
) ENGINE=InnoDB DEFAULT CHARSET=utf8;


DROP TABLE IF EXISTS `AuthAssignment`;
CREATE TABLE `AuthAssignment` (
  `itemname` varchar(64) COLLATE utf8_unicode_ci NOT NULL,
  `userid` varchar(64) COLLATE utf8_unicode_ci NOT NULL,
  `bizrule` text COLLATE utf8_unicode_ci,
  `data` text COLLATE utf8_unicode_ci,
  PRIMARY KEY (`itemname`,`userid`)
) ENGINE=MyISAM DEFAULT CHARSET=utf8 COLLATE=utf8_unicode_ci;

INSERT INTO `AuthAssignment` (`itemname`, `userid`, `bizrule`, `data`) VALUES
('Admin',	'1',	NULL,	'N;');

DROP TABLE IF EXISTS `AuthItem`;
CREATE TABLE `AuthItem` (
  `name` varchar(64) COLLATE utf8_unicode_ci NOT NULL,
  `type` int(11) NOT NULL,
  `description` text COLLATE utf8_unicode_ci,
  `bizrule` text COLLATE utf8_unicode_ci,
  `data` text COLLATE utf8_unicode_ci,
  PRIMARY KEY (`name`)
) ENGINE=MyISAM DEFAULT CHARSET=utf8 COLLATE=utf8_unicode_ci;

INSERT INTO `AuthItem` (`name`, `type`, `description`, `bizrule`, `data`) VALUES
('Admin',	2,	'Главный администратор (руководитель)',	NULL,	'N;'),
('Authenticated',	2,	'Пользователь по умолчанию',	NULL,	'N;'),
('Guest',	2,	'Гость',	NULL,	'N;'),
('Site.*',	1,	'Главная страница',	NULL,	'N;'),
('Admin/document.*',	1,	'Документы (все действия)',	NULL,	'N;'),
('User.Admin.*',	1,	'Управление пользователями',	NULL,	'N;'),
('Admin/appeal.index',	0,	'Обращения (список)',	NULL,	'N;'),
('Admin/sector.view',	0,	'Участки (просмотр)',	NULL,	'N;'),
('Admin/sector.index',	0,	'Участки (список)',	NULL,	'N;'),
('Admin/building.*',	1,	'Дома (все действия)',	NULL,	'N;'),
('Sector_manager',	2,	'Начальник участка',	NULL,	'N;'),
('Admin/account.*',	1,	'Лицевые счета (все действия)',	NULL,	'N;'),
('Admin/street.*',	1,	'Улицы (все действия)',	NULL,	'N;'),
('Admin/person.*',	1,	'Жильцы (все действия)',	NULL,	'N;'),
('Admin/flat.*',	1,	'Помещения (все действия)',	NULL,	'N;'),
('Admin/sector.*',	1,	'Участки (все действия)',	NULL,	'N;'),
('Admin/flat.index',	0,	'Помещения (список)',	NULL,	'N;'),
('Admin/building.view',	0,	'Дома (просмотр)',	NULL,	'N;'),
('Admin/building.index',	0,	'Дома (список)',	NULL,	'N;'),
('Admin/street.view',	0,	'Улицы (просмотр)',	NULL,	'N;'),
('Admin/street.index',	0,	'Улицы (список)',	NULL,	'N;'),
('Admin/task.index',	0,	'Задачи (список)',	NULL,	'N;'),
('Admin/task.view',	0,	'Задачи (просмотр)',	NULL,	'N;'),
('Admin/appeal.view',	0,	'Обращения (просмотр)',	NULL,	'N;'),
('Secretary',	2,	'Секретарь',	NULL,	'N;'),
('Telephonist',	2,	'Телефонист',	NULL,	'N;'),
('Checker',	2,	'Проверяющий',	NULL,	'N;'),
('Admin/listitem.*',	1,	'Управление списками',	NULL,	'N;'),
('Admin/taskPreset.*',	1,	'Настройка профилей задач',	NULL,	'N;'),
('Admin/analytics.*',	1,	'Аналитика (доступ)',	NULL,	'N;'),
('Admin/appeal.*',	1,	'Работа с обращениями (все действия)',	NULL,	'N;'),
('Admin/task.*',	1,	'Работа с задачами (все действия)',	NULL,	'N;'),
('Office_worker',	2,	'Офисный сотрудник',	NULL,	'N;'),
('Sector_worker',	2,	'Сотрудник участка',	NULL,	'N;'),
('Admin/flat.view',	0,	'Помещения (просмотр)',	NULL,	'N;'),
('Admin/person.index',	0,	'Люди (список)',	NULL,	'N;'),
('Admin/person.view',	0,	'Люди (просмотр)',	NULL,	'N;'),
('Admin/account.index',	0,	'Лицевые счета (список)',	NULL,	'N;'),
('Admin/account.view',	0,	'Лицевые счета (просмотр)',	NULL,	'N;'),
('Admin/document.index',	0,	'Документооборот (список)',	NULL,	'N;'),
('Admin/document.view',	0,	'Документооборот (просмотр)',	NULL,	'N;'),
('Admin/street.create',	0,	'Улицы (создать)',	NULL,	'N;'),
('Admin/street.update',	0,	'Улицы (редактировать)',	NULL,	'N;'),
('Admin/appeal.create',	0,	'Обращения (создать)',	NULL,	'N;'),
('Admin/appeal.update',	0,	'Обращения (редактировать)',	NULL,	'N;'),
('Admin/task.create',	0,	'Задачи (создать)',	NULL,	'N;'),
('Admin/task.update',	0,	'Задачи (редактировать)',	NULL,	'N;'),
('Admin/building.create',	0,	'Дома (создать)',	NULL,	'N;'),
('Admin/building.update',	0,	'Дома (редактировать)',	NULL,	'N;'),
('Admin/sector.create',	0,	'Участки (создать)',	NULL,	'N;'),
('Admin/sector.update',	0,	'Участки (редактировать)',	NULL,	'N;'),
('Admin/flat.create',	0,	'Помещения (создать)',	NULL,	'N;'),
('Admin/flat.update',	0,	'Помещения (редактировать)',	NULL,	'N;'),
('Admin/person.create',	0,	'Люди (создать)',	NULL,	'N;'),
('Admin/person.update',	0,	'Люди (редактировать)',	NULL,	'N;'),
('Admin/account.create',	0,	'Лицевые счета (создать)',	NULL,	'N;'),
('Admin/account.update',	0,	'Лицевые счета (редактировать)',	NULL,	'N;'),
('Admin/document.create',	0,	'Документооборот (создать)',	NULL,	'N;'),
('Admin/document.update',	0,	'Документооборот (редактировать)',	NULL,	'N;'),
('Admin/task.complete',	0,	'Задачи (завершить)',	NULL,	'N;'),
('Admin/task.restore',	0,	'Задачи (вернуть на выполнение)',	NULL,	'N;'),
('Work_manager',	2,	'Распорядитель работ',	NULL,	'N;'),
('Admin/task.job_order_zhilstandart',	0,	'Наряд-заказ по задачам',	NULL,	'N;'),
('Admin/appeal.quality_check',	0,	'Обращения (проверка качества)',	NULL,	'N;'),
('Admin/contractor.*',	1,	'Работа с контрагентами (все действия)',	NULL,	'N;'),
('Admin/contractor.index',	0,	'Контрагенты (список)',	NULL,	'N;'),
('Admin/contractor.view',	0,	'Контрагенты (просмотр)',	NULL,	'N;'),
('Admin/contractor.create',	0,	'Контрагенты (создать)',	NULL,	'N;'),
('Admin/contractor.update',	0,	'Контрагенты (редактировать)',	NULL,	'N;'),
('Admin/contractor.delete',	0,	'Контрагенты (удалить)',	NULL,	'N;'),
('Admin/document.delete',	0,	'Документооборот (удалить)',	NULL,	'N;'),
('Admin/account.delete',	0,	'Лицевые счета (удалить)',	NULL,	'N;'),
('Admin/person.delete',	0,	'Люди (удалить)',	NULL,	'N;'),
('Admin/flat.delete',	0,	'Помещения (удалить)',	NULL,	'N;'),
('Admin/building.delete',	0,	'Дома (удалить)',	NULL,	'N;'),
('Admin/street.delete',	0,	'Улицы (удалить)',	NULL,	'N;'),
('Admin/sector.delete',	0,	'Участки (удалить)',	NULL,	'N;'),
('Admin/task.delete',	0,	'Задачи (удалить)',	NULL,	'N;'),
('Admin/appeal.delete',	0,	'Обращения (удалить)',	NULL,	'N;'),
('Office_manager',	2,	'Начальник подразделения',	NULL,	'N;'),
('Admin/appeal.close',	0,	'Обращения (закрыть)',	NULL,	'N;'),
('Admin/task.create_subtask',	0,	'Задачи (создать подзадачу)',	NULL,	'N;'),
('Admin/shutdown.*',	1,	'Работа с аварийными отключениями (все действия)',	NULL,	'N;'),
('Admin/finance.budget',	0,	'Финансы: БДР - просмотр',	NULL,	'N;'),
('Admin/provodka.*',	1,	'Бухгалтерские проводки (все действия)',	NULL,	'N;'),
('Admin/finance.budget_settings',	0,	'Финансы: БДР - общие настройки',	NULL,	'N;'),
('Admin/finance.budget_items_settings',	0,	'Финансы: БДР - настройки статей бюджета',	NULL,	'N;'),
('Admin/finance.budget_edit_cash',	0,	'Финансы: БДР - редактировать неучтенные средства',	NULL,	'N;'),
('Admin/finance.budget_edit_plan',	0,	'Финансы: БДР - редактировать план',	NULL,	'N;'),
('Finance',	2,	'Финансы',	NULL,	'N;'),
('Admin/finance.payments',	0,	'Финансы: Платежи - список',	NULL,	'N;'),
('Admin/finance.newpayments',	0,	'Финансы: Платежи - список заявок',	NULL,	'N;'),
('Admin/finance.createpayment',	0,	'Финансы: Платежи - создать',	NULL,	'N;'),
('Admin/finance.paymentsview',	0,	'Финансы: Платежи - просмотр',	NULL,	'N;'),
('Admin/finance.paymentsedit',	0,	'Финансы: Платежи - редактировать',	NULL,	'N;'),
('Admin/finance.approvepayment',	0,	'Финансы: Платежи - одобрить',	NULL,	'N;'),
('Admin/finance.approvepaymentlist',	0,	'Финансы: Платежи - одобрить (мульти)',	NULL,	'N;'),
('Admin/finance.bdds',	0,	'Финансы: БДДС',	NULL,	'N;'),
('Admin/finance.bddstable',	0,	'Финансы: БДДС - вывод таблицы',	NULL,	'N;'),
('Admin/finance.bddsapprove',	0,	'Финансы: БДДС - утвердить',	NULL,	'N;'),
('Admin/finance.bddsreconcile',	0,	'Финансы: БДДС - согласовать',	NULL,	'N;'),
('Admin/finance.bddsbalance',	0,	'Финансы: БДДС - вывод сальдо',	NULL,	'N;'),
('Admin/finance.daypayments',	0,	'Финансы: Платежи - реестр платежей на день - список',	NULL,	'N;'),
('Admin/finance.bddskf',	0,	'Финансы: БДДС - вывод коэффицентов',	NULL,	'N;'),
('BDDS',	2,	'БДДС',	NULL,	'N;'),
('Admin/finance.bddsready',	0,	'Финансы: БДДС - Фактический',	NULL,	'N;'),
('Admin/finance.bddspf',	0,	'Финансы: БДДС - План/факт',	NULL,	'N;'),
('Admin/finance.bddsreadytable',	0,	'Финансы: БДДС - Фактический - вывод таблицы',	NULL,	'N;'),
('Admin/finance.bddspftable',	0,	'Финансы: БДДС - План/факт - Вывод таблицы',	NULL,	'N;'),
('Admin/finance.bddsday',	0,	'Финансы: БДДС - вывод платежей на день',	NULL,	'N;'),
('Admin/finance.bddsreadyday',	0,	'Финансы: БДДС - вывод фактических платежей на день',	NULL,	'N;'),
('Admin/finance.choicecontractor',	0,	'Финансы: Платежи - список получателей',	NULL,	'N;'),
('Admin/finance.to1cpaymentlist',	0,	'Финансы: Платежи - отправить в 1С',	NULL,	'N;'),
('Admin/finance.paymentsready1c',	0,	'Финансы: БДДС - платежи на день',	NULL,	'N;'),
('Admin/finance.copypayment',	0,	'Финансы: Платежи - создать копию платежки',	NULL,	'N;'),
('Admin/finance.reconcile',	0,	'Финансы: Платежи - согласовать на день',	NULL,	'N;'),
('Admin/paymentRequest.create',	0,	'БДДС: создать заявку',	NULL,	'N;'),
('Admin/paymentRequest.index',	0,	'БДДС: список заявок',	NULL,	'N;'),
('Admin/paymentRequest.view',	0,	'БДДС: просмотр заявки',	NULL,	'N;'),
('Admin/paymentRequest.update_any',	0,	'БДДС: редактировать любые заявки',	NULL,	'N;'),
('Admin/paymentRequest.update_own',	0,	'БДДС: редактировать свои заявки',	'return Yii::app()->user->id == $params[\"model\"]->user_id;',	'N;'),
('Admin/paymentRequest.delete_any',	0,	'БДДС: удалить любые заявки',	NULL,	'N;'),
('Admin/paymentRequest.delete_own',	0,	'БДДС: удалить свои заявки',	'return Yii::app()->user->id == $params[\"model\"]->user_id;',	'N;'),
('Admin/task.job_order',	0,	'Задачи: распечатка нарядов',	NULL,	'N;'),
('Admin/area.*',	1,	'Участки (все действия)',	NULL,	'N;');

DROP TABLE IF EXISTS `AuthItemChild`;
CREATE TABLE `AuthItemChild` (
  `parent` varchar(64) COLLATE utf8_unicode_ci NOT NULL,
  `child` varchar(64) COLLATE utf8_unicode_ci NOT NULL,
  PRIMARY KEY (`parent`,`child`),
  KEY `child` (`child`)
) ENGINE=MyISAM DEFAULT CHARSET=utf8 COLLATE=utf8_unicode_ci;

INSERT INTO `AuthItemChild` (`parent`, `child`) VALUES
('Admin/finance.bdds',	'Admin/finance.bddstable'),
('Admin/finance.newpayments',	'Admin/finance.copypayment'),
('Admin/finance.newpayments',	'Admin/finance.createpayment'),
('Admin/finance.newpayments',	'Admin/finance.paymentsview'),
('Authenticated',	'Admin.Building.*'),
('Authenticated',	'Admin/account.index'),
('Authenticated',	'Admin/account.view'),
('Authenticated',	'Admin/accoutn.view'),
('Authenticated',	'Admin/analytics'),
('Authenticated',	'Admin/analytics.*'),
('Authenticated',	'Admin/appeal.index'),
('Authenticated',	'Admin/appeal.view'),
('Authenticated',	'Admin/building.index'),
('Authenticated',	'Admin/building.view'),
('Authenticated',	'Admin/contractor.index'),
('Authenticated',	'Admin/contractor.view'),
('Authenticated',	'Admin/document.index'),
('Authenticated',	'Admin/document.view'),
('Authenticated',	'Admin/finance.choicecontractor'),
('Authenticated',	'Admin/finance.createpayment'),
('Authenticated',	'Admin/finance.newpayments'),
('Authenticated',	'Admin/finance.paymentsedit'),
('Authenticated',	'Admin/finance.paymentsview'),
('Authenticated',	'Admin/flat.index'),
('Authenticated',	'Admin/flat.view'),
('Authenticated',	'Admin/person.index'),
('Authenticated',	'Admin/person.view'),
('Authenticated',	'Admin/sector.*'),
('Authenticated',	'Admin/sector.index'),
('Authenticated',	'Admin/sector.view'),
('Authenticated',	'Admin/street.index'),
('Authenticated',	'Admin/street.view'),
('Authenticated',	'Admin/task.index'),
('Authenticated',	'Admin/task.job_order'),
('Authenticated',	'Admin/task.view'),
('Authenticated',	'Appeal.Index'),
('Authenticated',	'Appeal.View'),
('Authenticated',	'Client'),
('Authenticated',	'Client.Index'),
('Authenticated',	'Client.View'),
('Authenticated',	'Employee'),
('Authenticated',	'Employee.View'),
('Authenticated',	'Person.Index'),
('Authenticated',	'Person.View'),
('Authenticated',	'Site.*'),
('Authenticated',	'Site.Contact'),
('Authenticated',	'Site.Error'),
('Authenticated',	'Site.Index'),
('Authenticated',	'Task.Index'),
('Authenticated',	'Task.View'),
('Authenticated',	'User.Activation.Activation'),
('Authenticated',	'User.Default.Index'),
('Authenticated',	'User.Login.Login'),
('Authenticated',	'User.Logout.Logout'),
('Authenticated',	'User.Profile.Changepassword'),
('Authenticated',	'User.Profile.Edit'),
('Authenticated',	'User.Profile.Profile'),
('Authenticated',	'User.Recovery.Recovery'),
('Authenticated',	'User.Registration.Registration'),
('Authenticated',	'User.User.Index'),
('Authenticated',	'User.User.View'),
('Authenticated',	'Worker'),
('BDDS',	'Admin/finance.bdds'),
('BDDS',	'Admin/finance.bddsbalance'),
('BDDS',	'Admin/finance.bddsday'),
('BDDS',	'Admin/finance.bddskf'),
('BDDS',	'Admin/finance.bddspf'),
('BDDS',	'Admin/finance.bddspftable'),
('BDDS',	'Admin/finance.bddsready'),
('BDDS',	'Admin/finance.bddsreadyday'),
('BDDS',	'Admin/finance.bddsreadytable'),
('BDDS',	'Admin/finance.bddstable'),
('BDDS',	'Admin/finance.choicecontractor'),
('BDDS',	'Admin/finance.createpayment'),
('BDDS',	'Admin/finance.daypayments'),
('BDDS',	'Admin/finance.newpayments'),
('BDDS',	'Admin/finance.payments'),
('BDDS',	'Admin/finance.paymentsedit'),
('BDDS',	'Admin/finance.paymentsready1c'),
('BDDS',	'Admin/finance.paymentsview'),
('BDDS',	'Admin/finance.to1cpaymentlist'),
('BDDS',	'Admin/task.job_order'),
('Checker',	'Admin/appeal.create'),
('Checker',	'Admin/appeal.delete'),
('Checker',	'Admin/appeal.quality_check'),
('Checker',	'Admin/appeal.return'),
('Checker',	'Admin/appeal.update'),
('Checker',	'Appeal.Update'),
('Checker',	'Authenticated'),
('Employee',	'Metodist'),
('Finance',	'Admin/finance.approvepayment'),
('Finance',	'Admin/finance.approvepaymentlist'),
('Finance',	'Admin/finance.bdds'),
('Finance',	'Admin/finance.bddsapprove'),
('Finance',	'Admin/finance.bddsbalance'),
('Finance',	'Admin/finance.bddsreconcile'),
('Finance',	'Admin/finance.budget'),
('Finance',	'Admin/finance.budget_edit_cash'),
('Finance',	'Admin/finance.budget_edit_plan'),
('Finance',	'Admin/finance.budget_items_settings'),
('Finance',	'Admin/finance.budget_settings'),
('Finance',	'Admin/finance.choicecontractor'),
('Finance',	'Admin/finance.newpayments'),
('Finance',	'Admin/finance.payments'),
('Finance',	'Admin/finance.paymentsedit'),
('Finance',	'Admin/finance.to1cpaymentlist'),
('Finance',	'Admin/provodka.*'),
('Finance.NewPayments',	'Admin/finance.createpayment'),
('Manager',	'Authenticated'),
('Metodist',	'Appeal.*'),
('Metodist',	'Client.*'),
('Metodist',	'Employee.*'),
('Metodist',	'Person.*'),
('Metodist',	'Site.*'),
('Metodist',	'Task.*'),
('Office_manager',	'Admin/finance.createpayment'),
('Office_manager',	'Admin/finance.payments'),
('Office_manager',	'Admin/task.complete'),
('Office_manager',	'Admin/task.create'),
('Office_manager',	'Admin/task.delete'),
('Office_manager',	'Admin/task.restore'),
('Office_manager',	'Admin/task.update'),
('Office_manager',	'Authenticated'),
('Office_worker',	'Admin/finance.createpayment'),
('Office_worker',	'Admin/finance.payments'),
('Office_worker',	'Admin/task.complete'),
('Office_worker',	'Admin/task.update'),
('Office_worker',	'Authenticated'),
('Secretary',	'Admin/appeal.create'),
('Secretary',	'Admin/appeal.delete'),
('Secretary',	'Admin/appeal.update'),
('Secretary',	'Admin/contractor.create'),
('Secretary',	'Admin/contractor.delete'),
('Secretary',	'Admin/contractor.update'),
('Secretary',	'Admin/document.create'),
('Secretary',	'Admin/document.delete'),
('Secretary',	'Admin/document.update'),
('Secretary',	'Admin/finance.createpayment'),
('Secretary',	'Admin/finance.payments'),
('Secretary',	'Admin/person.create'),
('Secretary',	'Admin/person.update'),
('Secretary',	'Admin/task.complete'),
('Secretary',	'Admin/task.create'),
('Secretary',	'Admin/task.delete'),
('Secretary',	'Admin/task.restore'),
('Secretary',	'Admin/task.update'),
('Secretary',	'Appeal.Create'),
('Secretary',	'Appeal.Update'),
('Secretary',	'Authenticated'),
('Sector manager',	'Authenticated'),
('Sector_manager',	'Admin/finance.createpayment'),
('Sector_manager',	'Admin/finance.payments'),
('Sector_manager',	'Admin/person.naryad'),
('Sector_manager',	'Admin/task.complete'),
('Sector_manager',	'Admin/task.create'),
('Sector_manager',	'Admin/task.delete'),
('Sector_manager',	'Admin/task.restore'),
('Sector_manager',	'Admin/task.update'),
('Sector_manager',	'Authenticated'),
('Sector_worker',	'Admin/task.complete'),
('Sector_worker',	'Admin/task.update'),
('Sector_worker',	'Authenticated'),
('Telephonist',	'Admin/appeal.create'),
('Telephonist',	'Admin/appeal.delete'),
('Telephonist',	'Admin/appeal.update'),
('Telephonist',	'Admin/person.create'),
('Telephonist',	'Admin/person.update'),
('Telephonist',	'Admin/shutdown.*'),
('Telephonist',	'Admin/task.*'),
('Telephonist',	'Admin/task.create'),
('Telephonist',	'Admin/task.update'),
('Telephonist',	'Appeal.Create'),
('Telephonist',	'Appeal.Update'),
('Telephonist',	'Authenticated'),
('Work_manager',	'Admin/contractor.create'),
('Work_manager',	'Admin/person.naryad'),
('Work_manager',	'Admin/shutdown.*'),
('Work_manager',	'Admin/task.complete'),
('Work_manager',	'Admin/task.create'),
('Work_manager',	'Admin/task.delete'),
('Work_manager',	'Admin/task.job_order'),
('Work_manager',	'Admin/task.job_order_zhilstandart'),
('Work_manager',	'Admin/task.restore'),
('Work_manager',	'Admin/task.update'),
('Work_manager',	'Authenticated');

DROP TABLE IF EXISTS `buildings_committee_members`;
CREATE TABLE `buildings_committee_members` (
  `building_id` int(11) NOT NULL,
  `person_id` int(11) NOT NULL,
  UNIQUE KEY `buidling_to_person` (`building_id`,`person_id`),
  KEY `building_id` (`building_id`),
  KEY `person_id` (`person_id`),
  CONSTRAINT `buildings_committee_members_ibfk_1` FOREIGN KEY (`building_id`) REFERENCES `model_building` (`id`) ON DELETE CASCADE ON UPDATE CASCADE,
  CONSTRAINT `buildings_committee_members_ibfk_2` FOREIGN KEY (`person_id`) REFERENCES `model_person` (`id`) ON DELETE CASCADE ON UPDATE CASCADE
) ENGINE=InnoDB DEFAULT CHARSET=utf8 COLLATE=utf8_unicode_ci;


DROP TABLE IF EXISTS `building_contractors`;
CREATE TABLE `building_contractors` (
  `building_id` int(11) NOT NULL,
  `type_id` int(10) unsigned NOT NULL,
  `contractor_id` int(11) NOT NULL,
  KEY `building_id` (`building_id`),
  KEY `type_id` (`type_id`),
  KEY `contractor_id` (`contractor_id`),
  CONSTRAINT `building_contractors_ibfk_4` FOREIGN KEY (`building_id`) REFERENCES `model_building` (`id`) ON DELETE CASCADE ON UPDATE CASCADE,
  CONSTRAINT `building_contractors_ibfk_5` FOREIGN KEY (`type_id`) REFERENCES `model_listitem` (`id`) ON DELETE CASCADE ON UPDATE CASCADE,
  CONSTRAINT `building_contractors_ibfk_6` FOREIGN KEY (`contractor_id`) REFERENCES `model_contractor` (`id`) ON DELETE CASCADE ON UPDATE CASCADE
) ENGINE=InnoDB DEFAULT CHARSET=utf8;


DROP TABLE IF EXISTS `departments_appeals`;
CREATE TABLE `departments_appeals` (
  `department_id` int(10) unsigned NOT NULL,
  `appeal_id` int(11) NOT NULL,
  PRIMARY KEY (`department_id`,`appeal_id`),
  KEY `appeal_id` (`appeal_id`),
  CONSTRAINT `departments_appeals_ibfk_1` FOREIGN KEY (`department_id`) REFERENCES `model_listitem` (`id`) ON DELETE CASCADE,
  CONSTRAINT `departments_appeals_ibfk_2` FOREIGN KEY (`appeal_id`) REFERENCES `model_appeal` (`id`) ON DELETE CASCADE
) ENGINE=InnoDB DEFAULT CHARSET=utf8 COLLATE=utf8_unicode_ci;


DROP TABLE IF EXISTS `departments_appeal_types`;
CREATE TABLE `departments_appeal_types` (
  `department_id` int(10) unsigned NOT NULL,
  `appeal_type_id` int(10) unsigned NOT NULL,
  UNIQUE KEY `department_id_appeal_type_id` (`department_id`,`appeal_type_id`),
  KEY `appeal_type_id` (`appeal_type_id`),
  CONSTRAINT `departments_appeal_types_ibfk_3` FOREIGN KEY (`department_id`) REFERENCES `model_listitem` (`id`) ON DELETE CASCADE ON UPDATE CASCADE,
  CONSTRAINT `departments_appeal_types_ibfk_4` FOREIGN KEY (`appeal_type_id`) REFERENCES `model_listitem` (`id`) ON DELETE CASCADE ON UPDATE CASCADE
) ENGINE=InnoDB DEFAULT CHARSET=utf8;


DROP TABLE IF EXISTS `departments_users`;
CREATE TABLE `departments_users` (
  `user_id` int(11) NOT NULL,
  `department_id` int(10) unsigned NOT NULL,
  PRIMARY KEY (`user_id`,`department_id`),
  KEY `department_id` (`department_id`),
  CONSTRAINT `departments_users_ibfk_1` FOREIGN KEY (`user_id`) REFERENCES `tbl_users` (`id`) ON DELETE CASCADE,
  CONSTRAINT `departments_users_ibfk_2` FOREIGN KEY (`department_id`) REFERENCES `model_listitem` (`id`) ON DELETE CASCADE
) ENGINE=InnoDB DEFAULT CHARSET=utf8 COLLATE=utf8_unicode_ci;

INSERT INTO `departments_users` (`user_id`, `department_id`) VALUES
(1,	207);

DROP TABLE IF EXISTS `documents_buildings`;
CREATE TABLE `documents_buildings` (
  `document_id` int(11) NOT NULL,
  `building_id` int(11) NOT NULL,
  `flat_id` int(11) DEFAULT NULL,
  UNIQUE KEY `document_id_building_id_flat_id` (`document_id`,`building_id`,`flat_id`),
  KEY `document_id` (`document_id`),
  KEY `building_id` (`building_id`),
  KEY `flat_id` (`flat_id`),
  CONSTRAINT `documents_buildings_ibfk_1` FOREIGN KEY (`building_id`) REFERENCES `model_building` (`id`) ON DELETE CASCADE ON UPDATE CASCADE,
  CONSTRAINT `documents_buildings_ibfk_2` FOREIGN KEY (`document_id`) REFERENCES `model_document` (`id`) ON DELETE CASCADE ON UPDATE CASCADE,
  CONSTRAINT `documents_buildings_ibfk_4` FOREIGN KEY (`flat_id`) REFERENCES `model_flat` (`id`) ON DELETE CASCADE ON UPDATE CASCADE
) ENGINE=InnoDB DEFAULT CHARSET=utf8;


DROP TABLE IF EXISTS `documents_members`;
CREATE TABLE `documents_members` (
  `document_id` int(11) NOT NULL,
  `user_id` int(11) NOT NULL,
  UNIQUE KEY `document_id_user_id` (`document_id`,`user_id`),
  KEY `user_id` (`user_id`),
  CONSTRAINT `documents_members_ibfk_3` FOREIGN KEY (`document_id`) REFERENCES `model_document` (`id`) ON DELETE CASCADE ON UPDATE CASCADE,
  CONSTRAINT `documents_members_ibfk_4` FOREIGN KEY (`user_id`) REFERENCES `tbl_users` (`id`) ON DELETE CASCADE ON UPDATE CASCADE
) ENGINE=InnoDB DEFAULT CHARSET=utf8;


DROP TABLE IF EXISTS `document_applicants`;
CREATE TABLE `document_applicants` (
  `document_id` int(11) NOT NULL,
  `person_id` int(11) NOT NULL,
  UNIQUE KEY `document_id_applicant_id` (`document_id`,`person_id`),
  KEY `person_id` (`person_id`),
  CONSTRAINT `document_applicants_ibfk_3` FOREIGN KEY (`document_id`) REFERENCES `model_document` (`id`) ON DELETE CASCADE ON UPDATE CASCADE,
  CONSTRAINT `document_applicants_ibfk_5` FOREIGN KEY (`person_id`) REFERENCES `model_person` (`id`) ON DELETE CASCADE ON UPDATE CASCADE
) ENGINE=InnoDB DEFAULT CHARSET=utf8;


DROP TABLE IF EXISTS `document_copyes`;
CREATE TABLE `document_copyes` (
  `document_id` int(11) NOT NULL,
  `company_id` int(11) NOT NULL,
  KEY `document_id` (`document_id`),
  KEY `company_id` (`company_id`),
  CONSTRAINT `document_copyes_ibfk_1` FOREIGN KEY (`document_id`) REFERENCES `model_document` (`id`) ON DELETE CASCADE ON UPDATE CASCADE,
  CONSTRAINT `document_copyes_ibfk_2` FOREIGN KEY (`company_id`) REFERENCES `model_contractor` (`id`) ON DELETE CASCADE ON UPDATE CASCADE
) ENGINE=InnoDB DEFAULT CHARSET=utf8;


DROP TABLE IF EXISTS `document_relations`;
CREATE TABLE `document_relations` (
  `document_id` int(11) NOT NULL,
  `outgoing_id` int(11) DEFAULT NULL,
  `incoming_id` int(11) DEFAULT NULL,
  KEY `document_id` (`document_id`),
  KEY `outgoing_id` (`outgoing_id`),
  KEY `incoming_id` (`incoming_id`)
) ENGINE=InnoDB DEFAULT CHARSET=utf8;


DROP TABLE IF EXISTS `edit_history`;
CREATE TABLE `edit_history` (
  `model_name` varchar(20) NOT NULL,
  `model_id` int(11) NOT NULL,
  `user_id` int(11) NOT NULL,
  `comment` varchar(200) NOT NULL,
  `timestamp` timestamp NOT NULL DEFAULT CURRENT_TIMESTAMP,
  KEY `user_id` (`user_id`),
  KEY `model_name` (`model_name`),
  KEY `model_id` (`model_id`),
  CONSTRAINT `edit_history_ibfk_2` FOREIGN KEY (`user_id`) REFERENCES `tbl_users` (`id`) ON DELETE CASCADE ON UPDATE CASCADE
) ENGINE=InnoDB DEFAULT CHARSET=utf8;


DROP TABLE IF EXISTS `model_account`;
CREATE TABLE `model_account` (
  `id` int(11) NOT NULL AUTO_INCREMENT,
  `title` varchar(20) CHARACTER SET utf8 NOT NULL,
  `flat_id` int(11) NOT NULL,
  `owner_id` int(11) NOT NULL,
  `area_living` decimal(5,2) DEFAULT NULL,
  `area_heated` decimal(5,2) DEFAULT NULL,
  PRIMARY KEY (`id`),
  KEY `flat_id` (`flat_id`),
  KEY `owner_id` (`owner_id`),
  KEY `title` (`title`),
  CONSTRAINT `model_account_ibfk_3` FOREIGN KEY (`flat_id`) REFERENCES `model_flat` (`id`) ON DELETE CASCADE ON UPDATE CASCADE,
  CONSTRAINT `model_account_ibfk_4` FOREIGN KEY (`owner_id`) REFERENCES `model_person` (`id`) ON DELETE CASCADE ON UPDATE CASCADE
) ENGINE=InnoDB DEFAULT CHARSET=utf8 COLLATE=utf8_unicode_ci;


DROP TABLE IF EXISTS `model_appeal`;
CREATE TABLE `model_appeal` (
  `id` int(11) NOT NULL AUTO_INCREMENT,
  `flat_id` int(11) DEFAULT NULL,
  `building_id` int(11) DEFAULT NULL,
  `person_id` int(11) DEFAULT NULL,
  `type_id` int(10) unsigned DEFAULT NULL,
  `description` varchar(2000) CHARACTER SET koi8r NOT NULL,
  `status_id` int(10) unsigned DEFAULT NULL,
  `source_id` int(10) unsigned DEFAULT NULL,
  `author_id` int(11) DEFAULT NULL,
  `emergency` tinyint(4) NOT NULL,
  `paid` tinyint(4) NOT NULL,
  `second` tinyint(4) NOT NULL,
  `acceptance_time` datetime DEFAULT NULL,
  `qc_type` enum('excellent','good','average','bad','not_done','could_not_call') NOT NULL,
  `qc_comment` varchar(1000) NOT NULL,
  `qc_time` datetime DEFAULT NULL,
  `close_comment` varchar(100) NOT NULL,
  `emergency_application_num` varchar(20) NOT NULL,
  `timestamp` timestamp NOT NULL DEFAULT CURRENT_TIMESTAMP,
  PRIMARY KEY (`id`),
  KEY `flat_id` (`flat_id`),
  KEY `person_id` (`person_id`),
  KEY `status_id` (`status_id`),
  KEY `source_id` (`source_id`),
  KEY `building_id` (`building_id`),
  KEY `author_id` (`author_id`),
  KEY `timestamp` (`timestamp`),
  KEY `type_id` (`type_id`),
  CONSTRAINT `model_appeal_ibfk_1` FOREIGN KEY (`flat_id`) REFERENCES `model_flat` (`id`) ON DELETE SET NULL ON UPDATE SET NULL,
  CONSTRAINT `model_appeal_ibfk_11` FOREIGN KEY (`person_id`) REFERENCES `model_person` (`id`) ON DELETE SET NULL ON UPDATE SET NULL,
  CONSTRAINT `model_appeal_ibfk_12` FOREIGN KEY (`author_id`) REFERENCES `tbl_users` (`id`) ON DELETE SET NULL ON UPDATE SET NULL,
  CONSTRAINT `model_appeal_ibfk_14` FOREIGN KEY (`type_id`) REFERENCES `model_listitem` (`id`) ON DELETE SET NULL ON UPDATE SET NULL,
  CONSTRAINT `model_appeal_ibfk_7` FOREIGN KEY (`source_id`) REFERENCES `model_listitem` (`id`) ON DELETE SET NULL ON UPDATE SET NULL,
  CONSTRAINT `model_appeal_ibfk_8` FOREIGN KEY (`building_id`) REFERENCES `model_building` (`id`) ON DELETE SET NULL ON UPDATE SET NULL,
  CONSTRAINT `model_appeal_ibfk_9` FOREIGN KEY (`status_id`) REFERENCES `model_listitem` (`id`) ON DELETE SET NULL ON UPDATE SET NULL
) ENGINE=InnoDB DEFAULT CHARSET=utf8;


DROP TABLE IF EXISTS `model_area_data`;
CREATE TABLE `model_area_data` (
  `id` int(11) NOT NULL AUTO_INCREMENT,
  `listitem_id` int(10) unsigned DEFAULT NULL,
  `title` varchar(100) COLLATE utf8_unicode_ci NOT NULL,
  `description` varchar(2000) COLLATE utf8_unicode_ci NOT NULL,
  `residence_id` int(11) DEFAULT NULL,
  `chief_id` int(11) NOT NULL,
  `work_manager_id` int(11) DEFAULT NULL,
  `timestamp` timestamp NOT NULL DEFAULT CURRENT_TIMESTAMP,
  PRIMARY KEY (`id`),
  KEY `residence_id` (`residence_id`),
  KEY `chief_id` (`chief_id`),
  KEY `listitem_id` (`listitem_id`),
  KEY `work_manager_id` (`work_manager_id`),
  CONSTRAINT `model_area_data_ibfk_9` FOREIGN KEY (`work_manager_id`) REFERENCES `tbl_users` (`id`) ON DELETE SET NULL,
  CONSTRAINT `model_area_data_ibfk_2` FOREIGN KEY (`chief_id`) REFERENCES `tbl_users` (`id`),
  CONSTRAINT `model_area_data_ibfk_7` FOREIGN KEY (`residence_id`) REFERENCES `model_building` (`id`),
  CONSTRAINT `model_area_data_ibfk_8` FOREIGN KEY (`listitem_id`) REFERENCES `model_listitem` (`id`) ON DELETE CASCADE
) ENGINE=InnoDB DEFAULT CHARSET=utf8 COLLATE=utf8_unicode_ci;

INSERT INTO `model_area_data` (`id`, `listitem_id`, `title`, `description`, `residence_id`, `chief_id`, `work_manager_id`, `timestamp`) VALUES
(4,	18191,	'Участок 1',	'',	NULL,	1,	1,	'2012-02-24 14:08:12'),
(5,	18192,	'Участок 2',	'',	NULL,	1,	1,	'2012-02-24 14:14:15'),
(6,	18194,	'Участок 3',	'',	NULL,	1,	1,	'2012-02-24 14:15:45'),
(7,	18195,	'Участок 4',	'',	NULL,	1,	1,	'2012-02-24 14:16:10');

DROP TABLE IF EXISTS `model_building`;
CREATE TABLE `model_building` (
  `id` int(11) NOT NULL AUTO_INCREMENT,
  `code` varchar(10) COLLATE utf8_unicode_ci DEFAULT NULL,
  `street_id` int(11) NOT NULL,
  `sector_id` int(11) DEFAULT NULL,
  `mkr_id` int(10) unsigned DEFAULT NULL,
  `cwu_id` int(10) unsigned DEFAULT NULL,
  `number` varchar(5) COLLATE utf8_unicode_ci NOT NULL,
  `suffix` varchar(10) COLLATE utf8_unicode_ci DEFAULT NULL,
  `section` tinyint(1) DEFAULT NULL,
  `company_id` int(10) unsigned DEFAULT NULL,
  `type_id` int(10) unsigned DEFAULT NULL,
  `series_id` int(10) unsigned DEFAULT NULL,
  `foreman_id` int(11) DEFAULT NULL,
  `plumber_id` int(11) DEFAULT NULL,
  `electrician_id` int(11) DEFAULT NULL,
  `description` varchar(2000) COLLATE utf8_unicode_ci NOT NULL,
  `floors_count` tinyint(2) NOT NULL,
  `entrances_count` tinyint(1) NOT NULL,
  `area` decimal(10,2) NOT NULL,
  `area_mos` decimal(10,2) DEFAULT NULL,
  `area_residential` decimal(10,2) DEFAULT NULL,
  `area_non_residential` decimal(10,2) DEFAULT NULL,
  `passport` varchar(256) COLLATE utf8_unicode_ci NOT NULL,
  `has_water_meter` tinyint(1) NOT NULL,
  `has_heat_meter` tinyint(1) NOT NULL,
  `photo` varchar(256) COLLATE utf8_unicode_ci NOT NULL,
  `start_date` date DEFAULT NULL,
  `construction_year` int(4) DEFAULT NULL,
  `archive` tinyint(1) NOT NULL,
  `guid` varchar(50) COLLATE utf8_unicode_ci DEFAULT NULL,
  `maintenance_date_start` date DEFAULT NULL,
  `maintenance_date_end` date DEFAULT NULL,
  PRIMARY KEY (`id`),
  UNIQUE KEY `code` (`code`),
  UNIQUE KEY `street_to_numbers` (`street_id`,`number`,`suffix`),
  KEY `street_id` (`street_id`),
  KEY `zone_id` (`sector_id`),
  KEY `type_id` (`type_id`),
  KEY `series` (`series_id`),
  KEY `foreman_id` (`foreman_id`),
  KEY `plumber_id` (`plumber_id`),
  KEY `electrician_id` (`electrician_id`),
  KEY `company_id` (`company_id`),
  KEY `mkr_id` (`mkr_id`),
  KEY `cwu_id` (`cwu_id`),
  KEY `maintenance_date_start` (`maintenance_date_start`),
  KEY `maintenance_date_end` (`maintenance_date_end`),
  CONSTRAINT `model_building_ibfk_20` FOREIGN KEY (`sector_id`) REFERENCES `model_area_data` (`id`),
  CONSTRAINT `model_building_ibfk_21` FOREIGN KEY (`company_id`) REFERENCES `model_listitem` (`id`),
  CONSTRAINT `model_building_ibfk_22` FOREIGN KEY (`street_id`) REFERENCES `model_street` (`id`),
  CONSTRAINT `model_building_ibfk_23` FOREIGN KEY (`mkr_id`) REFERENCES `model_listitem` (`id`) ON DELETE SET NULL,
  CONSTRAINT `model_building_ibfk_24` FOREIGN KEY (`cwu_id`) REFERENCES `model_listitem` (`id`) ON DELETE SET NULL,
  CONSTRAINT `model_building_ibfk_3` FOREIGN KEY (`type_id`) REFERENCES `model_listitem` (`id`) ON DELETE SET NULL ON UPDATE SET NULL,
  CONSTRAINT `model_building_ibfk_4` FOREIGN KEY (`series_id`) REFERENCES `model_listitem` (`id`) ON DELETE SET NULL ON UPDATE SET NULL,
  CONSTRAINT `model_building_ibfk_7` FOREIGN KEY (`foreman_id`) REFERENCES `tbl_users` (`id`) ON DELETE SET NULL ON UPDATE SET NULL,
  CONSTRAINT `model_building_ibfk_8` FOREIGN KEY (`plumber_id`) REFERENCES `tbl_users` (`id`) ON DELETE SET NULL ON UPDATE SET NULL,
  CONSTRAINT `model_building_ibfk_9` FOREIGN KEY (`electrician_id`) REFERENCES `tbl_users` (`id`) ON DELETE SET NULL ON UPDATE SET NULL
) ENGINE=InnoDB DEFAULT CHARSET=utf8 COLLATE=utf8_unicode_ci;


DROP TABLE IF EXISTS `model_comment`;
CREATE TABLE `model_comment` (
  `id` int(11) NOT NULL AUTO_INCREMENT,
  `commentable_id` int(11) NOT NULL,
  `commentable_type` varchar(100) NOT NULL,
  `author_id` int(11) DEFAULT NULL,
  `content` text NOT NULL,
  `timestamp` timestamp NOT NULL DEFAULT CURRENT_TIMESTAMP ON UPDATE CURRENT_TIMESTAMP,
  PRIMARY KEY (`id`),
  KEY `author_id` (`author_id`),
  CONSTRAINT `model_comment_ibfk_1` FOREIGN KEY (`author_id`) REFERENCES `tbl_users` (`id`) ON DELETE SET NULL
) ENGINE=InnoDB DEFAULT CHARSET=utf8;


DROP TABLE IF EXISTS `model_contractor`;
CREATE TABLE `model_contractor` (
  `id` int(11) NOT NULL AUTO_INCREMENT,
  `title` varchar(200) NOT NULL,
  `type_id` int(10) unsigned DEFAULT NULL,
  `description` varchar(2000) NOT NULL,
  `full_title` varchar(256) NOT NULL,
  `cert_of_owner` varchar(256) NOT NULL,
  `juridical_addr` varchar(256) NOT NULL,
  `actual_addr` varchar(256) NOT NULL,
  `phone` varchar(64) NOT NULL,
  `email` varchar(64) NOT NULL,
  `proxies` varchar(128) NOT NULL,
  `contact_person` varchar(128) NOT NULL,
  `inn` varchar(32) NOT NULL,
  `kpp` varchar(32) NOT NULL,
  `ogrn` varchar(32) NOT NULL,
  PRIMARY KEY (`id`),
  KEY `type_id` (`type_id`),
  CONSTRAINT `model_contractor_ibfk_2` FOREIGN KEY (`type_id`) REFERENCES `model_listitem` (`id`) ON DELETE SET NULL ON UPDATE SET NULL
) ENGINE=InnoDB DEFAULT CHARSET=utf8;


DROP TABLE IF EXISTS `model_contract_tariff_history`;
CREATE TABLE `model_contract_tariff_history` (
  `id` int(11) NOT NULL AUTO_INCREMENT,
  `flat_id` int(11) DEFAULT NULL,
  `from_date` date DEFAULT NULL,
  `to_date` date DEFAULT NULL,
  `tariff` decimal(5,2) DEFAULT NULL,
  PRIMARY KEY (`id`),
  KEY `flat_id` (`flat_id`),
  CONSTRAINT `model_contract_tariff_history_ibfk1` FOREIGN KEY (`flat_id`) REFERENCES `model_flat` (`id`) ON DELETE SET NULL ON UPDATE SET NULL
) ENGINE=InnoDB DEFAULT CHARSET=utf8;


DROP TABLE IF EXISTS `model_document`;
CREATE TABLE `model_document` (
  `id` int(11) NOT NULL AUTO_INCREMENT,
  `title` varchar(100) NOT NULL,
  `type` enum('incoming','outgoing') NOT NULL,
  `document_date` date DEFAULT NULL,
  `appeal_type_id` int(10) unsigned DEFAULT NULL,
  `file` varchar(256) NOT NULL,
  `author_contractor_id` int(11) DEFAULT NULL,
  `author_name` varchar(200) NOT NULL,
  `company` varchar(200) NOT NULL,
  `company_contractor_id` int(11) DEFAULT NULL,
  `topic` varchar(200) NOT NULL,
  `signer_id` int(11) DEFAULT NULL,
  `doer_id` int(11) DEFAULT NULL,
  `responsible_id` int(11) DEFAULT NULL,
  `outgoing_id` int(11) DEFAULT NULL,
  `incoming_id` int(11) DEFAULT NULL,
  `date_complete_plan` date DEFAULT NULL,
  `date_complete_fact` date DEFAULT NULL,
  `result_report` varchar(200) NOT NULL,
  `outgoing_title` varchar(100) NOT NULL,
  `timestamp` timestamp NOT NULL DEFAULT CURRENT_TIMESTAMP,
  PRIMARY KEY (`id`),
  KEY `responsible_id` (`responsible_id`),
  KEY `signer_id` (`signer_id`),
  KEY `doer_id` (`doer_id`),
  KEY `outgoing_id` (`outgoing_id`),
  KEY `author_contractor_id` (`author_contractor_id`),
  KEY `company_contractor_id` (`company_contractor_id`),
  KEY `appeal_type_id` (`appeal_type_id`),
  CONSTRAINT `model_document_ibfk_11` FOREIGN KEY (`author_contractor_id`) REFERENCES `model_contractor` (`id`) ON DELETE SET NULL ON UPDATE SET NULL,
  CONSTRAINT `model_document_ibfk_13` FOREIGN KEY (`appeal_type_id`) REFERENCES `model_listitem` (`id`) ON DELETE SET NULL ON UPDATE SET NULL,
  CONSTRAINT `model_document_ibfk_14` FOREIGN KEY (`company_contractor_id`) REFERENCES `model_contractor` (`id`),
  CONSTRAINT `model_document_ibfk_6` FOREIGN KEY (`responsible_id`) REFERENCES `tbl_users` (`id`) ON DELETE SET NULL ON UPDATE SET NULL,
  CONSTRAINT `model_document_ibfk_7` FOREIGN KEY (`signer_id`) REFERENCES `tbl_users` (`id`) ON DELETE SET NULL ON UPDATE SET NULL,
  CONSTRAINT `model_document_ibfk_8` FOREIGN KEY (`doer_id`) REFERENCES `tbl_users` (`id`) ON DELETE SET NULL ON UPDATE SET NULL,
  CONSTRAINT `model_document_ibfk_9` FOREIGN KEY (`outgoing_id`) REFERENCES `model_document` (`id`) ON DELETE SET NULL ON UPDATE SET NULL
) ENGINE=InnoDB DEFAULT CHARSET=utf8;


DROP TABLE IF EXISTS `model_flat`;
CREATE TABLE `model_flat` (
  `id` int(11) NOT NULL AUTO_INCREMENT,
  `code` varchar(10) DEFAULT NULL,
  `suffix` varchar(40) NOT NULL,
  `building_id` int(11) NOT NULL,
  `owner_id` int(11) DEFAULT NULL,
  `number` varchar(40) NOT NULL,
  `floor` tinyint(2) DEFAULT NULL,
  `rooms_count` tinyint(1) DEFAULT NULL,
  `area` decimal(5,2) DEFAULT NULL,
  `type_id` int(10) unsigned DEFAULT NULL,
  `ownership_type_id` int(10) unsigned DEFAULT NULL,
  `people_reg_count` tinyint(2) DEFAULT NULL,
  `people_living_count` tinyint(2) DEFAULT NULL,
  `Naznachnie` varchar(1000) DEFAULT NULL,
  `Polzovatel` varchar(1000) DEFAULT NULL,
  `Polzovatel_tel` varchar(1000) DEFAULT NULL,
  `Kontragent` varchar(1000) DEFAULT NULL,
  `Nomer_dog` varchar(1000) DEFAULT NULL,
  `Primechanie` varchar(1000) DEFAULT NULL,
  `Owner_proof_docs` varchar(1000) DEFAULT NULL,
  `Owner_rekviz` varchar(1000) DEFAULT NULL,
  `Owner_phone` varchar(1000) DEFAULT NULL,
  `Polzovatel_doc_proof` varchar(1000) DEFAULT NULL,
  `Polzovatel_rek` varchar(1000) DEFAULT NULL,
  `build_in_area` decimal(5,2) DEFAULT NULL,
  `add_construct_area` decimal(5,2) DEFAULT NULL,
  `type_comment` varchar(256) DEFAULT NULL,
  `add_title` varchar(256) DEFAULT NULL,
  `management_contract` varchar(256) DEFAULT NULL,
  `management_contract_date` date DEFAULT NULL,
  `contract_heating` varchar(256) DEFAULT NULL,
  `contract_water` varchar(256) DEFAULT NULL,
  `contract_electricity` varchar(256) DEFAULT NULL,
  `contract_garbage` varchar(256) DEFAULT NULL,
  `management_contract_features` varchar(256) DEFAULT NULL,
  `model_type` varchar(32) DEFAULT NULL,
  PRIMARY KEY (`id`),
  UNIQUE KEY `code` (`code`),
  KEY `building_id` (`building_id`),
  KEY `type_id` (`type_id`),
  KEY `ownership_type_id` (`ownership_type_id`),
  KEY `owner_id` (`owner_id`),
  KEY `ix_room_model_type` (`model_type`),
  CONSTRAINT `model_flat_ibfk_5` FOREIGN KEY (`building_id`) REFERENCES `model_building` (`id`),
  CONSTRAINT `model_flat_ibfk_6` FOREIGN KEY (`type_id`) REFERENCES `model_listitem` (`id`) ON DELETE SET NULL ON UPDATE SET NULL,
  CONSTRAINT `model_flat_ibfk_7` FOREIGN KEY (`ownership_type_id`) REFERENCES `model_listitem` (`id`) ON DELETE SET NULL ON UPDATE SET NULL,
  CONSTRAINT `model_flat_ibfk_9` FOREIGN KEY (`owner_id`) REFERENCES `model_person` (`id`) ON DELETE SET NULL ON UPDATE SET NULL
) ENGINE=InnoDB DEFAULT CHARSET=utf8;


DROP TABLE IF EXISTS `model_leaseholder_history`;
CREATE TABLE `model_leaseholder_history` (
  `id` int(11) NOT NULL AUTO_INCREMENT,
  `flat_id` int(11) DEFAULT NULL,
  `contractor_id` int(11) DEFAULT NULL,
  `from_date` date DEFAULT NULL,
  `to_date` date DEFAULT NULL,
  `base_transmit` varchar(1024) DEFAULT NULL,
  `minutes` varchar(1024) DEFAULT NULL,
  `purpose` varchar(1024) DEFAULT NULL,
  `contract_file` varchar(256) DEFAULT NULL,
  PRIMARY KEY (`id`),
  KEY `flat_id` (`flat_id`),
  KEY `contractor_id` (`contractor_id`),
  CONSTRAINT `model_leaseholder_history_ibfk1` FOREIGN KEY (`flat_id`) REFERENCES `model_flat` (`id`) ON DELETE SET NULL ON UPDATE SET NULL,
  CONSTRAINT `model_leaseholder_history_ibfk2` FOREIGN KEY (`contractor_id`) REFERENCES `model_contractor` (`id`) ON DELETE SET NULL ON UPDATE SET NULL
) ENGINE=InnoDB DEFAULT CHARSET=utf8;


DROP TABLE IF EXISTS `model_listitem`;
CREATE TABLE `model_listitem` (
  `id` int(10) unsigned NOT NULL AUTO_INCREMENT,
  `root` int(10) unsigned DEFAULT NULL,
  `lft` int(10) unsigned NOT NULL,
  `rgt` int(10) unsigned NOT NULL,
  `level` smallint(5) unsigned NOT NULL,
  `name` varchar(350) COLLATE utf8_unicode_ci NOT NULL,
  `machine_name` varchar(50) COLLATE utf8_unicode_ci NOT NULL,
  `guid` varchar(36) COLLATE utf8_unicode_ci NOT NULL,
  PRIMARY KEY (`id`),
  KEY `root` (`root`),
  KEY `lft` (`lft`),
  KEY `rgt` (`rgt`),
  KEY `level` (`level`)
) ENGINE=InnoDB DEFAULT CHARSET=utf8 COLLATE=utf8_unicode_ci;

INSERT INTO `model_listitem` (`id`, `root`, `lft`, `rgt`, `level`, `name`, `machine_name`, `guid`) VALUES
(7,	7,	1,	336,	1,	'Типы обращений',	'appeal_types',	''),
(8,	7,	2,	171,	2,	'Содержание и техническое обслуживание',	'',	''),
(15,	15,	1,	6,	1,	'Типы помещений',	'client_types',	''),
(16,	15,	2,	3,	2,	'Жилое',	'',	''),
(17,	15,	4,	5,	2,	'Нежилое',	'',	''),
(24,	7,	5,	36,	3,	'Сантехника',	'',	''),
(25,	7,	37,	58,	3,	'Электрика',	'',	''),
(26,	26,	1,	16,	1,	'Типы собственности',	'ownership_type',	''),
(27,	26,	4,	5,	2,	'Приватизированная',	'ownership_type-privatized',	''),
(28,	26,	2,	3,	2,	'Муниципальная',	'ownership_type-municipal',	''),
(29,	26,	6,	7,	2,	'Федеральная',	'ownership_type-federal',	''),
(30,	26,	8,	9,	2,	'Частная',	'ownership_type-private',	''),
(35,	35,	1,	10,	1,	'Статусы обращений',	'appeal_statuses',	''),
(36,	35,	4,	5,	2,	'Выполнено',	'appeal_done',	''),
(37,	35,	2,	3,	2,	'Не выполнено',	'appeal_active',	''),
(38,	35,	6,	7,	2,	'Отменено',	'appeal_canceled',	''),
(39,	7,	59,	96,	3,	'Конструктив',	'',	''),
(40,	7,	97,	110,	3,	'Благоустройство',	'',	''),
(41,	7,	111,	112,	3,	'Аварийно-диспетчерское обслуживание',	'',	''),
(42,	7,	113,	124,	3,	'Содержание придомовой территории',	'',	''),
(43,	7,	125,	132,	3,	'Содержание мест общего пользования',	'',	''),
(44,	7,	133,	140,	3,	'Вывоз мусора',	'',	''),
(45,	7,	141,	142,	3,	'Лифты',	'',	''),
(46,	7,	143,	150,	3,	'Узлы учета и автоматика',	'',	''),
(47,	7,	151,	156,	3,	'Домофоны',	'',	''),
(48,	7,	157,	162,	3,	'Антенны',	'',	''),
(49,	7,	163,	164,	3,	'Пожарная сигнализация',	'',	''),
(50,	7,	165,	170,	3,	'Капитальный ремонт',	'',	''),
(51,	7,	172,	199,	2,	'Финансово-экономические ',	'',	''),
(52,	7,	173,	186,	3,	'Расчеты за ЖКУ',	'',	''),
(53,	7,	187,	198,	3,	'Тарифы, отчеты',	'',	''),
(54,	7,	200,	215,	2,	'Юридические',	'',	''),
(55,	7,	201,	202,	3,	'Возмещение ущерба (заявления, претензии, исковое заявление)',	'',	''),
(56,	7,	203,	204,	3,	'Иски, предъявленные к Обществу',	'',	''),
(57,	7,	205,	206,	3,	'Заключение договора/доп.соглашения',	'',	''),
(58,	7,	207,	208,	3,	'Заявления, жалобы, претензии',	'',	''),
(59,	7,	209,	214,	3,	'УФССП (приставы)',	'',	''),
(60,	7,	216,	299,	2,	'Надзорные и контролирующие органы',	'',	''),
(61,	7,	217,	234,	3,	'ГЖИ',	'',	''),
(62,	7,	235,	248,	3,	'Роспотребнадзор',	'',	''),
(63,	7,	249,	262,	3,	'МЧС',	'',	''),
(64,	7,	263,	276,	3,	'Администрация города',	'',	''),
(65,	7,	277,	282,	3,	'Прокуратура',	'',	''),
(66,	7,	283,	288,	3,	'Суды',	'',	''),
(67,	7,	289,	298,	3,	'Налоговая инспекция',	'',	''),
(68,	7,	300,	333,	2,	'Контрагенты',	'',	''),
(69,	7,	301,	310,	3,	'Ресурсоснабжающие организации',	'',	''),
(70,	7,	311,	318,	3,	'Поставщики услуг',	'',	''),
(71,	7,	319,	326,	3,	'Капитальный ремонт',	'',	''),
(72,	7,	327,	332,	3,	'Прочие контрагенты (слаботочка, иные доп. доходы)',	'',	''),
(73,	7,	6,	7,	4,	'Ремонт общедомовых систем холодного водоснабжения',	'',	''),
(74,	7,	8,	9,	4,	'Ремонт общедомовых систем водоотведения',	'',	''),
(75,	7,	10,	11,	4,	'Ремонт общедомовых систем горячего водоснабжения',	'',	''),
(76,	7,	12,	13,	4,	'Ремонт общедомовых систем отопления',	'',	''),
(77,	7,	14,	15,	4,	'Ремонт общедомовых систем газоснабжения',	'',	''),
(78,	7,	16,	17,	4,	'Отсутствие параметров ХВС, ГВС, отопления',	'',	''),
(79,	7,	18,	19,	4,	'Устранение затопления (с составлением акта)',	'',	''),
(80,	7,	20,	21,	4,	'Промывка трубопроводов (устранение засора)',	'',	''),
(81,	7,	22,	23,	4,	'Устранение запаха канализации',	'',	''),
(82,	7,	24,	25,	4,	'Устранение течи в системах ХВС, ГВС, отопления',	'',	''),
(83,	7,	26,	27,	4,	'Установка оборудования в квартире (батарея, смеситель, унитаз и др.)',	'',	''),
(84,	7,	28,	29,	4,	'Установка/опломбировка приборов учета ХВС, ГВС, отопления',	'',	''),
(85,	7,	38,	39,	4,	'Отсутствие наружного (дворового) освещения (в т.ч. замена ламп)',	'',	''),
(86,	7,	40,	41,	4,	'Отсутствие освещения в МОП (в т.ч. замена ламп)',	'',	''),
(87,	7,	42,	43,	4,	'Отсутствие напряжения в сети в квартире',	'',	''),
(88,	7,	44,	45,	4,	'Ремонт электрощитков (в т.ч. замена электросчетчиков, автоматов)',	'',	''),
(89,	7,	46,	47,	4,	'Ремонт ВРУ',	'',	''),
(90,	7,	48,	49,	4,	'Ремонт светильников',	'',	''),
(91,	7,	50,	51,	4,	'Ремонт выключателей',	'',	''),
(92,	7,	52,	53,	4,	'Предоставление акта разграничения балансовой принадлежности',	'',	''),
(93,	7,	54,	55,	4,	'Предоставление тех.условий',	'',	''),
(94,	7,	56,	57,	4,	'Согласование размещения электросетей',	'',	''),
(95,	7,	60,	61,	4,	'Ремонт кровли',	'',	''),
(96,	7,	62,	63,	4,	'Очистка кровли от мусора/снега',	'',	''),
(97,	7,	64,	65,	4,	'Устранение течей с кровли',	'',	''),
(98,	7,	66,	67,	4,	'Удаление сосулек',	'',	''),
(99,	7,	68,	69,	4,	'Ремонт системы вентиляции, проверка исправности продухов, слуховых окон',	'',	''),
(100,	7,	70,	71,	4,	'Открытие/закрытие чердака, подвала, тех.этажа',	'',	''),
(101,	7,	72,	73,	4,	'Осушение подвала',	'',	''),
(102,	7,	74,	75,	4,	'Очистка подвала от мусора',	'',	''),
(103,	7,	76,	77,	4,	'Ремонт дверей (в т.ч. дверных приборов)',	'',	''),
(104,	7,	78,	79,	4,	'Ремонт окон (в т.ч. оконных приборов)',	'',	''),
(105,	7,	80,	81,	4,	'Ремонт и прочистка водосточных труб',	'',	''),
(106,	7,	82,	83,	4,	'Ремонт почтового ящика',	'',	''),
(108,	7,	84,	85,	4,	'Ремонт межпанельных швов',	'',	''),
(109,	7,	86,	87,	4,	'Косметический ремонт подъездов',	'',	''),
(110,	7,	88,	89,	4,	'Ремонт входной группы',	'',	''),
(111,	7,	90,	91,	4,	'Ремонт фасада',	'',	''),
(112,	7,	92,	93,	4,	'Ремонт фундамента',	'',	''),
(113,	7,	94,	95,	4,	'Ремонт балконных плит',	'',	''),
(114,	7,	98,	99,	4,	'Ямочный ремонт',	'',	''),
(115,	7,	100,	101,	4,	'Ремонт и покраска бордюров',	'',	''),
(116,	7,	102,	103,	4,	'Ремонт и покраска ограждений',	'',	''),
(117,	7,	104,	105,	4,	'Ремонт детской площадки',	'',	''),
(118,	7,	106,	107,	4,	'Установка МАФ',	'',	''),
(119,	7,	108,	109,	4,	'Завоз песка на детскую площадку',	'',	''),
(120,	7,	114,	115,	4,	'Уборка придомовой территории',	'',	''),
(121,	7,	116,	117,	4,	'Очистка урн от мусора',	'',	''),
(122,	7,	118,	119,	4,	'Уборка контейнерной площадки',	'',	''),
(123,	7,	120,	121,	4,	'Выкашивание газонов',	'',	''),
(124,	7,	122,	123,	4,	'Обрезка деревьев',	'',	''),
(125,	7,	126,	127,	4,	'Уборка помещений общего пользования',	'',	''),
(126,	7,	128,	129,	4,	'Уборка мусоропровода',	'',	''),
(127,	7,	130,	131,	4,	'Дезинсекция и дератизация',	'',	''),
(128,	7,	134,	135,	4,	'Вывоз твердых бытовых отходов',	'',	''),
(129,	7,	136,	137,	4,	'Вывоз крупногабаритного мусора',	'',	''),
(130,	7,	138,	139,	4,	'Вывоз ртутных отходов',	'',	''),
(131,	7,	144,	145,	4,	'Данные показаний общедомовых приборов учета',	'',	''),
(132,	7,	146,	147,	4,	'Ремонт узлов учета и автоматики',	'',	''),
(133,	7,	148,	149,	4,	'Установка узлов учета и автоматики',	'',	''),
(134,	7,	152,	153,	4,	'Подключение домофонной трубки',	'',	''),
(135,	7,	154,	155,	4,	'Устранение неисправности в работе домофона',	'',	''),
(136,	7,	158,	159,	4,	'Подключение к коллективной антенне',	'',	''),
(137,	7,	160,	161,	4,	'Устранение неисправности в работе коллективной антенны',	'',	''),
(138,	7,	166,	167,	4,	'Необходимость проведения кап. ремонта',	'',	''),
(139,	7,	168,	169,	4,	'Устранение недостатков по гарантии',	'',	''),
(140,	7,	174,	175,	4,	'Перерасчет',	'',	''),
(141,	7,	176,	177,	4,	'Выдача справок (об отсутствии задолженности)',	'',	''),
(142,	7,	178,	179,	4,	'Открытие/закрытие услуги',	'',	''),
(143,	7,	180,	181,	4,	'Открытие/закрытие лицевого счета',	'',	''),
(144,	7,	182,	183,	4,	'Изменение показаний индивидуальных приборов учета',	'',	''),
(145,	7,	184,	185,	4,	'Пояснение начислений за ЖКУ',	'',	''),
(146,	7,	188,	189,	4,	'Расшифровка тарифа',	'',	''),
(147,	7,	190,	191,	4,	'Предоставление отчета',	'',	''),
(148,	7,	192,	193,	4,	'Предоставление калькуляции, расчета, расшифровки',	'',	''),
(149,	7,	194,	195,	4,	'Остатки по статье \"Текущий ремонт\"',	'',	''),
(150,	7,	196,	197,	4,	'Платные услуги',	'',	''),
(151,	7,	210,	211,	4,	'Запросы о предоставлении документов (информации)',	'',	''),
(152,	7,	212,	213,	4,	'Постановления о возбуждении и/п',	'',	''),
(153,	7,	218,	219,	4,	'Запрос информации',	'',	''),
(154,	7,	220,	221,	4,	'Уведомление о проведении выездной проверки',	'',	''),
(155,	7,	222,	223,	4,	'Предписание об устранении нарушений',	'',	''),
(156,	7,	224,	225,	4,	'Акт проверки',	'',	''),
(157,	7,	226,	227,	4,	'Акт инспекционного обследования',	'',	''),
(158,	7,	228,	229,	4,	'Определение о рассмотрении дела',	'',	''),
(159,	7,	230,	231,	4,	'Протокол об административном нарушении',	'',	''),
(160,	7,	232,	233,	4,	'Постановление об административном правонарушении',	'',	''),
(161,	7,	236,	237,	4,	'Запрос информации',	'',	''),
(162,	7,	238,	239,	4,	'Уведомление о проведении проверки',	'',	''),
(163,	7,	240,	241,	4,	'Протокол осмотра',	'',	''),
(164,	7,	242,	243,	4,	'Определение о рассмотрении дела',	'',	''),
(165,	7,	244,	245,	4,	'Протокол об административном нарушении',	'',	''),
(166,	7,	246,	247,	4,	'Постановление об административном правонарушении',	'',	''),
(167,	7,	250,	251,	4,	'Запрос информации',	'',	''),
(168,	7,	252,	253,	4,	'Уведомление о проведении проверки',	'',	''),
(169,	7,	254,	255,	4,	'Акт проверки',	'',	''),
(170,	7,	256,	257,	4,	'Предписание об устранении нарушений',	'',	''),
(171,	7,	258,	259,	4,	'Определение о рассмотрении дела',	'',	''),
(172,	7,	260,	261,	4,	'Протокол об административном нарушении',	'',	''),
(173,	7,	264,	265,	4,	'Запрос информации',	'',	''),
(174,	7,	266,	267,	4,	'Извещение о вызове представителя',	'',	''),
(175,	7,	268,	269,	4,	'Уведомление о проверке',	'',	''),
(176,	7,	270,	271,	4,	'Благоустройство территории',	'',	''),
(177,	7,	272,	273,	4,	'Капитальный ремонт',	'',	''),
(178,	7,	274,	275,	4,	'Предоставление сведений для УК',	'',	''),
(179,	7,	278,	279,	4,	'Запрос документов',	'',	''),
(180,	7,	280,	281,	4,	'Представление об устранении нарушений закона',	'',	''),
(181,	7,	284,	285,	4,	'Судебный запрос-извещение',	'',	''),
(182,	7,	286,	287,	4,	'Постановление по делу',	'',	''),
(183,	7,	290,	291,	4,	'Запрос документов',	'',	''),
(184,	7,	292,	293,	4,	'Извещение о вызове представителя',	'',	''),
(185,	7,	294,	295,	4,	'Требование об уплате налога',	'',	''),
(186,	7,	296,	297,	4,	'Предоставление сведений для организации',	'',	''),
(187,	7,	302,	303,	4,	'Предоставление платежных документов',	'',	''),
(188,	7,	304,	305,	4,	'Претензия о наличии задолженности',	'',	''),
(189,	7,	306,	307,	4,	'Уведомление об ограничении услуги',	'',	''),
(190,	7,	308,	309,	4,	'Предоставление сведений для УК',	'',	''),
(191,	7,	312,	313,	4,	'Предоставление платежных документов',	'',	''),
(192,	7,	314,	315,	4,	'Претензия о наличии задолженности',	'',	''),
(193,	7,	316,	317,	4,	'Предоставление сведений для УК',	'',	''),
(194,	7,	320,	321,	4,	'Запрос документов',	'',	''),
(195,	7,	322,	323,	4,	'Предоставление платежных документов',	'',	''),
(196,	7,	324,	325,	4,	'Предоставление сведений для УК',	'',	''),
(197,	7,	328,	329,	4,	'Предоставление доступа',	'',	''),
(198,	7,	330,	331,	4,	'Согласование рамещения оборудования',	'',	''),
(201,	201,	1,	10,	1,	'Источники обращений',	'appeal_sources',	''),
(202,	201,	2,	3,	2,	'Диспетчерская служба',	'emergency_service',	''),
(203,	201,	6,	7,	2,	'Письменное обращение',	'written',	''),
(204,	201,	4,	5,	2,	'Контроль качества',	'051',	''),
(205,	201,	8,	9,	2,	'Обращения с сайта',	'online',	''),
(206,	206,	1,	30,	1,	'Подразделения и участки',	'departments',	''),
(207,	206,	2,	29,	2,	'ГД',	'',	''),
(208,	206,	3,	4,	3,	'ГИ',	'',	''),
(209,	206,	15,	28,	3,	'ПТО',	'',	''),
(210,	206,	5,	6,	3,	'ЮР',	'',	''),
(211,	206,	7,	8,	3,	'Э',	'',	''),
(212,	206,	9,	10,	3,	'БУХ',	'',	''),
(213,	206,	11,	12,	3,	'РО',	'',	''),
(214,	206,	13,	14,	3,	'ОО',	'',	''),
(215,	215,	1,	8,	1,	'Должности',	'doer_posts',	''),
(218,	218,	1,	14,	1,	'Типы контрагентов',	'contractor_types',	''),
(219,	218,	8,	9,	2,	'Поставщики услуг',	'',	''),
(220,	218,	2,	3,	2,	'Государственные учреждения',	'',	''),
(221,	218,	6,	7,	2,	'Судебные органы',	'',	''),
(222,	218,	4,	5,	2,	'Муниципальные учреждения',	'',	''),
(223,	223,	1,	4,	1,	'Управяющие компании',	'companies',	''),
(225,	223,	2,	3,	2,	'Север',	'',	''),
(227,	215,	2,	3,	2,	'Генеральный директор',	'',	''),
(244,	215,	6,	7,	2,	'Главный бухгалтер',	'',	''),
(261,	26,	10,	11,	2,	'Аренда',	'ownership_type-rent',	''),
(262,	26,	12,	13,	2,	'Коллективная',	'ownership_type-collective',	''),
(263,	26,	14,	15,	2,	'Муниципальная аренда',	'ownership_type-rent_municipal',	''),
(276,	35,	8,	9,	2,	'Возврат',	'appeal_return',	''),
(277,	206,	16,	27,	4,	'АДС',	'',	''),
(278,	7,	30,	31,	4,	'Проверка качества воды',	'',	''),
(279,	7,	32,	33,	4,	'Предоставление тех.условий',	'',	''),
(280,	7,	34,	35,	4,	'Предоставление акта разграничения балансовой принадлежности',	'',	''),
(281,	281,	1,	28,	1,	'Типы подрядных организаций',	'contractor_work_types',	''),
(282,	281,	20,	21,	2,	'Обслуживание лифтов',	'',	''),
(283,	281,	22,	23,	2,	'Техосвидетельствование лифтов',	'',	''),
(285,	281,	14,	15,	2,	'Домофон',	'',	''),
(286,	281,	6,	7,	2,	'Видеонаблюдение',	'',	''),
(288,	281,	18,	19,	2,	'Охрана',	'',	''),
(291,	281,	16,	17,	2,	'Обслуживание и проверка узлов учета',	'',	''),
(294,	281,	2,	3,	2,	'Электроснабжение',	'',	''),
(295,	281,	4,	5,	2,	'Газоснабжение',	'',	''),
(297,	281,	26,	27,	2,	'Уборка прилегающей территории',	'',	''),
(298,	281,	12,	13,	2,	'Вывоз ТБО',	'',	''),
(299,	281,	10,	11,	2,	'Вывоз КГМ',	'',	''),
(300,	281,	8,	9,	2,	'Вывоз ЖБО',	'',	''),
(301,	281,	24,	25,	2,	'Уборка подъездов',	'',	''),
(312,	7,	334,	335,	2,	'Письменное обращение для ГД',	'written',	''),
(6257,	215,	4,	5,	2,	'Главный инженер',	'',	''),
(16244,	7,	3,	4,	3,	'Главный инженер',	'',	''),
(17975,	17975,	1,	8,	1,	'Типы приборов учета',	'meter_types',	''),
(17976,	17975,	2,	7,	2,	'Счетчики на воду',	'',	''),
(17977,	17975,	3,	4,	3,	'Горячая вода',	'water_heat',	''),
(17978,	17975,	5,	6,	3,	'Холодная вода',	'water_cold',	''),
(18191,	206,	18,	19,	6,	'Участок 1',	'',	''),
(18192,	206,	20,	21,	6,	'Участок 2',	'',	''),
(18193,	206,	17,	26,	5,	'Участки',	'',	''),
(18194,	206,	22,	23,	6,	'Участок 3',	'',	''),
(18195,	206,	24,	25,	6,	'Участок 4',	'',	''),
(18239,	18239,	1,	108,	1,	'Типы аварийных отключений',	'shutdown_categories',	''),
(18240,	18239,	2,	7,	2,	'СУЭНКО',	'',	''),
(18241,	18239,	8,	15,	2,	'Стояки',	'',	''),
(18242,	18239,	16,	25,	2,	'УТСК',	'',	''),
(18243,	18239,	26,	45,	2,	'Водоканал',	'',	''),
(18244,	18239,	46,	65,	2,	'Лифты',	'',	''),
(18245,	18239,	66,	83,	2,	'Тепло Тюмени',	'',	''),
(18246,	18239,	84,	107,	2,	'Внутридомовые системы',	'',	''),
(18247,	18239,	3,	4,	3,	'Отключена электроэнергия',	'',	''),
(18248,	18239,	5,	6,	3,	'Не работает вводный кабель',	'',	''),
(18249,	18239,	9,	10,	3,	'Отключено ХВС',	'',	''),
(18250,	18239,	11,	12,	3,	'Отключено ГВС',	'',	''),
(18251,	18239,	13,	14,	3,	'Отключено отопление',	'',	''),
(18252,	18239,	17,	18,	3,	'Утечка на теплотрассе',	'',	''),
(18253,	18239,	19,	20,	3,	'Низкие параметры теплоносителя',	'',	''),
(18254,	18239,	21,	22,	3,	'Отключено отопление',	'',	''),
(18255,	18239,	23,	24,	3,	'Отключено ГВС',	'',	''),
(18256,	18239,	27,	28,	3,	'Утечка на сетях ХВС',	'',	''),
(18257,	18239,	29,	30,	3,	'Отключено ХВС',	'',	''),
(18258,	18239,	31,	32,	3,	'Отключено ГВС',	'',	''),
(18259,	18239,	33,	34,	3,	'Низкое давление ХВС',	'',	''),
(18260,	18239,	35,	36,	3,	'Засор дворовой сети канализации',	'',	''),
(18261,	18239,	37,	38,	3,	'Очистка колодцев от мусора и илистых отложений',	'',	''),
(18262,	18239,	39,	40,	3,	'Сломан люк или крышка колодца',	'',	''),
(18263,	18239,	41,	42,	3,	'Требуется замена ввода',	'',	''),
(18264,	18239,	43,	44,	3,	'Заужен диаметр ввода',	'',	''),
(18266,	18239,	47,	48,	3,	'Капитальный ремонт – демонтаж',	'',	''),
(18267,	18239,	49,	50,	3,	'Капитальный ремонт – замена купе',	'',	''),
(18268,	18239,	51,	52,	3,	'Ремонт дверей кабины',	'',	''),
(18269,	18239,	53,	54,	3,	'Ремонт дверей шахты',	'',	''),
(18270,	18239,	55,	56,	3,	'Обследование, ремонт',	'',	''),
(18271,	18239,	57,	58,	3,	'Сбой электроники',	'',	''),
(18272,	18239,	59,	60,	3,	'Сбой энергии',	'',	''),
(18273,	18239,	61,	62,	3,	'Сгорел М-1',	'',	''),
(18274,	18239,	63,	64,	3,	'Сгорел М-2',	'',	''),
(18275,	18239,	67,	68,	3,	'Утечка на теплотрассе',	'',	''),
(18276,	18239,	69,	70,	3,	'Утечка на трассе ГВС',	'',	''),
(18277,	18239,	71,	72,	3,	'Низкие параметры отопления',	'',	''),
(18278,	18239,	73,	74,	3,	'Низкие параметры ГВС',	'',	''),
(18279,	18239,	75,	76,	3,	'Отключена циркуляционная линия',	'',	''),
(18280,	18239,	77,	78,	3,	'Отключено отопление',	'',	''),
(18281,	18239,	79,	80,	3,	'Отключено ГВС',	'',	''),
(18282,	18239,	81,	82,	3,	'Отключено ХВС',	'',	''),
(18283,	18239,	85,	86,	3,	'Утечка на теплотрассе',	'',	''),
(18284,	18239,	87,	88,	3,	'Утечка на трассе ГВС',	'',	''),
(18285,	18239,	89,	90,	3,	'Низкие параметры отопления',	'',	''),
(18286,	18239,	91,	92,	3,	'Низкие параметры ГВС',	'',	''),
(18287,	18239,	93,	94,	3,	'Отключена циркуляционная линия',	'',	''),
(18288,	18239,	95,	96,	3,	'Не работает циркуляционный насос',	'',	''),
(18289,	18239,	97,	98,	3,	'Отключено ХВС',	'',	''),
(18290,	18239,	99,	100,	3,	'Отключено ГВС',	'',	''),
(18291,	18239,	101,	102,	3,	'Отключено отопление',	'',	''),
(18292,	18239,	103,	104,	3,	'Не работает насос подкачки',	'',	''),
(18293,	18239,	105,	106,	3,	'Отключена электроэнергия',	'',	''),
(18294,	18294,	1,	10,	1,	'Микрорайоны',	'mkr',	''),
(18295,	18294,	2,	3,	2,	'1 мкр',	'',	''),
(18296,	18294,	4,	5,	2,	'2 мкр',	'',	''),
(18297,	18294,	6,	7,	2,	'3 мкр',	'',	''),
(18298,	18294,	8,	9,	2,	'4 мкр',	'',	''),
(18300,	18300,	1,	12,	1,	'ЦТП',	'cwu',	''),
(18301,	18300,	2,	3,	2,	'1',	'',	''),
(18302,	18300,	4,	5,	2,	'2',	'',	''),
(18303,	18300,	6,	7,	2,	'3',	'',	''),
(18304,	18300,	8,	9,	2,	'4',	'',	''),
(18305,	18300,	10,	11,	2,	'5',	'',	''),
(18306,	218,	10,	11,	2,	'Арендатор нежилого помещения',	'',	''),
(18307,	218,	12,	13,	2,	'Собственник нежилого помещения',	'',	'');

DROP TABLE IF EXISTS `model_meter`;
CREATE TABLE `model_meter` (
  `id` int(11) NOT NULL AUTO_INCREMENT,
  `type_id` int(10) unsigned NOT NULL,
  `flat_id` int(11) NOT NULL,
  `reg_num` varchar(50) NOT NULL,
  `seal_num` varchar(50) NOT NULL,
  `standpipe` varchar(10) NOT NULL,
  `date_manufacture` date DEFAULT NULL,
  `date_install` date DEFAULT NULL,
  `date_next_inspection` date DEFAULT NULL,
  `timestamp` timestamp NOT NULL DEFAULT CURRENT_TIMESTAMP,
  PRIMARY KEY (`id`),
  KEY `type_id` (`type_id`),
  KEY `flat_id` (`flat_id`),
  CONSTRAINT `model_meter_ibfk_1` FOREIGN KEY (`type_id`) REFERENCES `model_listitem` (`id`),
  CONSTRAINT `model_meter_ibfk_2` FOREIGN KEY (`flat_id`) REFERENCES `model_flat` (`id`) ON DELETE CASCADE
) ENGINE=InnoDB DEFAULT CHARSET=utf8;


DROP TABLE IF EXISTS `model_owner_history`;
CREATE TABLE `model_owner_history` (
  `id` int(11) NOT NULL AUTO_INCREMENT,
  `flat_id` int(11) DEFAULT NULL,
  `contractor_id` int(11) DEFAULT NULL,
  `from_date` date DEFAULT NULL,
  `to_date` date DEFAULT NULL,
  PRIMARY KEY (`id`),
  KEY `flat_id` (`flat_id`),
  KEY `contractor_id` (`contractor_id`),
  CONSTRAINT `model_owner_history_ibfk1` FOREIGN KEY (`flat_id`) REFERENCES `model_flat` (`id`) ON DELETE SET NULL ON UPDATE SET NULL,
  CONSTRAINT `model_owner_history_ibfk2` FOREIGN KEY (`contractor_id`) REFERENCES `model_contractor` (`id`) ON DELETE SET NULL ON UPDATE SET NULL
) ENGINE=InnoDB DEFAULT CHARSET=utf8;


DROP TABLE IF EXISTS `model_person`;
CREATE TABLE `model_person` (
  `id` int(11) NOT NULL AUTO_INCREMENT,
  `name` varchar(200) COLLATE utf8_unicode_ci NOT NULL,
  `surname` varchar(200) COLLATE utf8_unicode_ci NOT NULL,
  `middle_name` varchar(200) COLLATE utf8_unicode_ci NOT NULL,
  `phone` varchar(200) COLLATE utf8_unicode_ci NOT NULL,
  `email` varchar(100) COLLATE utf8_unicode_ci NOT NULL,
  `timestamp` timestamp NOT NULL DEFAULT CURRENT_TIMESTAMP,
  PRIMARY KEY (`id`)
) ENGINE=InnoDB DEFAULT CHARSET=utf8 COLLATE=utf8_unicode_ci;


DROP TABLE IF EXISTS `model_shutdown`;
CREATE TABLE `model_shutdown` (
  `id` int(11) NOT NULL AUTO_INCREMENT,
  `number` varchar(50) NOT NULL,
  `type` enum('incoming','outgoing') NOT NULL,
  `damage_type_id` int(10) unsigned DEFAULT NULL,
  `resource_type_id` int(10) unsigned DEFAULT NULL,
  `off_time` datetime NOT NULL,
  `on_time_plan` datetime DEFAULT NULL,
  `on_time_fact` datetime DEFAULT NULL,
  `description` varchar(1000) NOT NULL,
  `reason` varchar(1000) NOT NULL,
  `contractor_id` int(11) DEFAULT NULL,
  `basement_dead` tinyint(1) NOT NULL,
  `operator_id` int(11) DEFAULT NULL,
  `person_reported_shutdown` varchar(100) NOT NULL,
  `person_reported_time_on` varchar(100) NOT NULL,
  `archive` tinyint(1) NOT NULL,
  `timestamp` timestamp NOT NULL DEFAULT CURRENT_TIMESTAMP,
  PRIMARY KEY (`id`),
  KEY `damage_type_id` (`damage_type_id`),
  KEY `resource_type_id` (`resource_type_id`),
  KEY `contractor_id` (`contractor_id`),
  KEY `operator_id` (`operator_id`),
  CONSTRAINT `model_shutdown_ibfk_1` FOREIGN KEY (`damage_type_id`) REFERENCES `model_listitem` (`id`),
  CONSTRAINT `model_shutdown_ibfk_2` FOREIGN KEY (`resource_type_id`) REFERENCES `model_listitem` (`id`),
  CONSTRAINT `model_shutdown_ibfk_3` FOREIGN KEY (`contractor_id`) REFERENCES `model_contractor` (`id`),
  CONSTRAINT `model_shutdown_ibfk_4` FOREIGN KEY (`operator_id`) REFERENCES `tbl_users` (`id`) ON DELETE SET NULL ON UPDATE SET NULL
) ENGINE=InnoDB DEFAULT CHARSET=utf8;


DROP TABLE IF EXISTS `model_street`;
CREATE TABLE `model_street` (
  `id` int(11) NOT NULL AUTO_INCREMENT,
  `title` varchar(200) COLLATE utf8_unicode_ci NOT NULL,
  `prefix` varchar(10) COLLATE utf8_unicode_ci NOT NULL,
  `kladr_code` varchar(14) COLLATE utf8_unicode_ci NOT NULL,
  PRIMARY KEY (`id`)
) ENGINE=InnoDB DEFAULT CHARSET=utf8 COLLATE=utf8_unicode_ci;

INSERT INTO `model_street` (`id`, `title`, `prefix`, `kladr_code`) VALUES
(1,	'Ленина',	'',	'');

DROP TABLE IF EXISTS `model_task`;
CREATE TABLE `model_task` (
  `id` int(11) NOT NULL AUTO_INCREMENT,
  `parent_id` int(11) DEFAULT NULL,
  `appeal_id` int(11) DEFAULT NULL,
  `author_id` int(11) DEFAULT NULL,
  `doer_id` int(11) DEFAULT NULL,
  `contractor_id` int(11) DEFAULT NULL,
  `department_id` int(10) unsigned DEFAULT NULL,
  `flat_id` int(11) DEFAULT NULL,
  `building_id` int(11) DEFAULT NULL,
  `person_id` int(11) DEFAULT NULL,
  `description` varchar(2000) NOT NULL,
  `completion_comment` varchar(2000) NOT NULL,
  `complete` tinyint(1) NOT NULL,
  `time_end_guess` datetime DEFAULT NULL,
  `time_end_fact` datetime DEFAULT NULL,
  `time_approved` datetime DEFAULT NULL,
  `time_crew_arrive` datetime DEFAULT NULL,
  `has_act` tinyint(1) NOT NULL,
  `timestamp` timestamp NOT NULL DEFAULT CURRENT_TIMESTAMP,
  PRIMARY KEY (`id`),
  KEY `author_id` (`author_id`),
  KEY `manager_id` (`doer_id`),
  KEY `appeal_id` (`appeal_id`),
  KEY `parent_id` (`parent_id`),
  KEY `flat_id` (`flat_id`),
  KEY `person_id` (`person_id`),
  KEY `building_id` (`building_id`),
  KEY `contractor_id` (`contractor_id`),
  KEY `department_id` (`department_id`),
  CONSTRAINT `model_task_ibfk_10` FOREIGN KEY (`parent_id`) REFERENCES `model_task` (`id`) ON DELETE CASCADE ON UPDATE CASCADE,
  CONSTRAINT `model_task_ibfk_12` FOREIGN KEY (`person_id`) REFERENCES `model_person` (`id`) ON DELETE SET NULL ON UPDATE SET NULL,
  CONSTRAINT `model_task_ibfk_13` FOREIGN KEY (`flat_id`) REFERENCES `model_flat` (`id`) ON DELETE SET NULL ON UPDATE SET NULL,
  CONSTRAINT `model_task_ibfk_14` FOREIGN KEY (`building_id`) REFERENCES `model_building` (`id`) ON DELETE SET NULL ON UPDATE SET NULL,
  CONSTRAINT `model_task_ibfk_15` FOREIGN KEY (`doer_id`) REFERENCES `tbl_users` (`id`) ON DELETE SET NULL ON UPDATE SET NULL,
  CONSTRAINT `model_task_ibfk_17` FOREIGN KEY (`contractor_id`) REFERENCES `model_contractor` (`id`) ON DELETE SET NULL ON UPDATE SET NULL,
  CONSTRAINT `model_task_ibfk_18` FOREIGN KEY (`department_id`) REFERENCES `model_listitem` (`id`) ON DELETE SET NULL ON UPDATE SET NULL,
  CONSTRAINT `model_task_ibfk_6` FOREIGN KEY (`appeal_id`) REFERENCES `model_appeal` (`id`) ON DELETE SET NULL ON UPDATE SET NULL,
  CONSTRAINT `model_task_ibfk_7` FOREIGN KEY (`author_id`) REFERENCES `tbl_users` (`id`) ON DELETE SET NULL ON UPDATE SET NULL
) ENGINE=InnoDB DEFAULT CHARSET=utf8;


DROP TABLE IF EXISTS `people_to_flats`;
CREATE TABLE `people_to_flats` (
  `flat_id` int(11) NOT NULL,
  `person_id` int(11) NOT NULL,
  UNIQUE KEY `flat_id_person_id` (`flat_id`,`person_id`),
  KEY `flat_id` (`flat_id`),
  KEY `person_id` (`person_id`),
  CONSTRAINT `people_to_flats_ibfk_1` FOREIGN KEY (`flat_id`) REFERENCES `model_flat` (`id`) ON DELETE CASCADE ON UPDATE CASCADE,
  CONSTRAINT `people_to_flats_ibfk_2` FOREIGN KEY (`person_id`) REFERENCES `model_person` (`id`) ON DELETE CASCADE ON UPDATE CASCADE
) ENGINE=InnoDB DEFAULT CHARSET=utf8 COLLATE=utf8_unicode_ci;


DROP TABLE IF EXISTS `Rights`;
CREATE TABLE `Rights` (
  `itemname` varchar(64) COLLATE utf8_unicode_ci NOT NULL,
  `type` int(11) NOT NULL,
  `weight` int(11) NOT NULL,
  PRIMARY KEY (`itemname`)
) ENGINE=MyISAM DEFAULT CHARSET=utf8 COLLATE=utf8_unicode_ci;

INSERT INTO `Rights` (`itemname`, `type`, `weight`) VALUES
('Admin',	2,	0),
('Authenticated',	2,	1),
('Manager',	2,	2),
('Sector manager',	2,	3),
('Secretary',	2,	7),
('Telephonist',	2,	8),
('Checker',	2,	9),
('Guest',	2,	11),
('Admin.Appeal',	1,	0),
('Site.*',	1,	0),
('Client.*',	1,	2),
('Person.*',	1,	3),
('Task.*',	1,	4),
('User.Activation.*',	1,	14),
('User.Admin.*',	1,	13),
('User.Default.*',	1,	15),
('User.Login.*',	1,	16),
('User.Logout.*',	1,	17),
('User.Profile.*',	1,	18),
('User.ProfileField.*',	1,	19),
('User.Recovery.*',	1,	20),
('User.Registration.*',	1,	21),
('User.User.*',	1,	22),
('Admin/sector.*',	1,	5),
('Admin/building.*',	1,	7),
('Admin/street.*',	1,	6),
('Admin/flat.*',	1,	8),
('Admin/person.*',	1,	9),
('Admin/account.*',	1,	10),
('Admin/document.*',	1,	11),
('Admin/listitem.*',	1,	14),
('Admin/taskPreset.*',	1,	15),
('Admin/analytics.*',	1,	4),
('Admin/appeal.*',	1,	1),
('Admin/task.*',	1,	2),
('Sector_manager',	2,	3),
('Sector_worker',	2,	4),
('Office_worker',	2,	5),
('Admin/sector.view',	0,	43),
('Admin/appeal.index',	0,	27),
('Admin/sector.index',	0,	42),
('Admin/appeal.view',	0,	28),
('Admin/task.view',	0,	35),
('Admin/task.index',	0,	34),
('Admin/building.view',	0,	53),
('Admin/building.index',	0,	52),
('Admin/street.view',	0,	48),
('Admin/street.index',	0,	47),
('Admin/flat.index',	0,	57),
('Admin/flat.view',	0,	58),
('Admin/person.index',	0,	62),
('Admin/person.view',	0,	63),
('Admin/account.index',	0,	67),
('Admin/accoutn.view',	0,	33),
('Admin/document.index',	0,	72),
('Admin/document.view',	0,	73),
('Admin/street.update',	0,	50),
('Admin/appeal.create',	0,	29),
('Admin/appeal.update',	0,	30),
('Admin/task.create',	0,	36),
('Admin/task.update',	0,	38),
('Admin/building.create',	0,	54),
('Admin/building.update',	0,	55),
('Admin/sector.create',	0,	44),
('Admin/sector.update',	0,	45),
('Admin/flat.create',	0,	59),
('Admin/flat.update',	0,	60),
('Admin/person.create',	0,	64),
('Admin/person.update',	0,	65),
('Admin/account.create',	0,	69),
('Admin/accoutn.update',	0,	35),
('Admin/document.create',	0,	74),
('Admin/document.update',	0,	75),
('Admin/street.create',	0,	49),
('Admin/task.complete',	0,	39),
('Admin/task.restore',	0,	40),
('Work_manager',	2,	2),
('Admin/person.naryad',	0,	26),
('Admin/appeal.return',	0,	6),
('Admin/appeal.quality_check',	0,	32),
('Admin/contractor.*',	1,	12),
('Admin/contractor.index',	0,	77),
('Admin/contractor.view',	0,	78),
('Admin/contractor.create',	0,	79),
('Admin/contractor.update',	0,	80),
('Admin/contractor.delete',	0,	81),
('Admin/document.delete',	0,	76),
('Admin/account.view',	0,	68),
('Admin/account.update',	0,	70),
('Admin/account.delete',	0,	71),
('Admin/person.delete',	0,	66),
('Admin/flat.delete',	0,	61),
('Admin/building.delete',	0,	56),
('Admin/street.delete',	0,	51),
('Admin/sector.delete',	0,	46),
('Admin/task.delete',	0,	41),
('Admin/appeal.delete',	0,	33),
('Office_manager',	2,	6),
('Admin/appeal.close',	0,	31),
('Admin/task.create_subtask',	0,	37),
('Admin/shutdown.*',	1,	3),
('Admin/finance.budget',	0,	82),
('Admin/provodka.*',	1,	16),
('Admin/finance.budget_settings',	0,	83),
('Admin/finance.budget_edit_cash',	0,	85),
('Admin/finance.budget_edit_plan',	0,	86),
('Finance',	2,	10),
('Admin/finance.budget_items_settings',	0,	84),
('Admin/paymentRequest.create',	0,	0),
('Admin/finance.payments',	0,	1),
('Admin/finance.newpayments',	0,	2),
('Admin/finance.createpayment',	0,	3),
('Admin/finance.paymentsview',	0,	4),
('Admin/finance.paymentsedit',	0,	5),
('Admin/finance.approvepayment',	0,	6),
('Admin/finance.approvepaymentlist',	0,	7),
('Admin/finance.bdds',	0,	8),
('Admin/finance.bddstable',	0,	9),
('Admin/finance.bddsapprove',	0,	10),
('Admin/finance.bddsreconcile',	0,	11),
('Admin/finance.bddsbalance',	0,	12),
('Admin/finance.daypayments',	0,	13),
('Admin/finance.bddskf',	0,	14),
('Admin/finance.bddsready',	0,	15),
('Admin/finance.bddspf',	0,	16),
('Admin/finance.bddsreadytable',	0,	17),
('Admin/finance.bddspftable',	0,	18),
('Admin/finance.bddsday',	0,	19),
('Admin/finance.bddsreadyday',	0,	20),
('Admin/finance.choicecontractor',	0,	21),
('Admin/finance.to1cpaymentlist',	0,	22),
('Admin/finance.paymentsready1c',	0,	23),
('Admin/finance.copypayment',	0,	24),
('Admin/finance.reconcile',	0,	25);

DROP TABLE IF EXISTS `shutdowns_buildings`;
CREATE TABLE `shutdowns_buildings` (
  `shutdown_id` int(11) NOT NULL,
  `building_id` int(11) NOT NULL,
  UNIQUE KEY `shutdown_id_building_id` (`shutdown_id`,`building_id`),
  KEY `building_id` (`building_id`),
  CONSTRAINT `shutdowns_buildings_ibfk_3` FOREIGN KEY (`shutdown_id`) REFERENCES `model_shutdown` (`id`) ON DELETE CASCADE ON UPDATE CASCADE,
  CONSTRAINT `shutdowns_buildings_ibfk_4` FOREIGN KEY (`building_id`) REFERENCES `model_building` (`id`) ON DELETE CASCADE ON UPDATE CASCADE
) ENGINE=InnoDB DEFAULT CHARSET=utf8;


DROP TABLE IF EXISTS `shutdown_dead_basements`;
CREATE TABLE `shutdown_dead_basements` (
  `shutdown_id` int(11) NOT NULL,
  `porch_num` int(11) NOT NULL,
  KEY `shutdown_id` (`shutdown_id`),
  CONSTRAINT `shutdown_dead_basements_ibfk_1` FOREIGN KEY (`shutdown_id`) REFERENCES `model_shutdown` (`id`)
) ENGINE=InnoDB DEFAULT CHARSET=utf8;


DROP TABLE IF EXISTS `shutdown_dead_pipes`;
CREATE TABLE `shutdown_dead_pipes` (
  `shutdown_id` int(11) NOT NULL,
  `flat_num` varchar(10) NOT NULL,
  KEY `shutdown_id` (`shutdown_id`),
  CONSTRAINT `shutdown_dead_pipes_ibfk_2` FOREIGN KEY (`shutdown_id`) REFERENCES `model_shutdown` (`id`) ON DELETE CASCADE ON UPDATE CASCADE
) ENGINE=InnoDB DEFAULT CHARSET=utf8;


DROP TABLE IF EXISTS `tasks_doers`;
CREATE TABLE `tasks_doers` (
  `user_id` int(11) NOT NULL,
  `task_id` int(11) NOT NULL,
  PRIMARY KEY (`user_id`,`task_id`),
  KEY `task_id` (`task_id`),
  KEY `user_id` (`user_id`),
  CONSTRAINT `tasks_doers_ibfk_1` FOREIGN KEY (`user_id`) REFERENCES `tbl_users` (`id`) ON DELETE CASCADE,
  CONSTRAINT `tasks_doers_ibfk_2` FOREIGN KEY (`task_id`) REFERENCES `model_task` (`id`) ON DELETE CASCADE
) ENGINE=InnoDB DEFAULT CHARSET=utf8;


DROP TABLE IF EXISTS `task_documents`;
CREATE TABLE `task_documents` (
  `task_id` int(11) NOT NULL,
  `document_id` int(11) NOT NULL,
  PRIMARY KEY (`task_id`,`document_id`),
  KEY `task_id` (`task_id`),
  KEY `document_id` (`document_id`),
  CONSTRAINT `task_documents_ibfk_1` FOREIGN KEY (`task_id`) REFERENCES `model_task` (`id`) ON DELETE CASCADE ON UPDATE CASCADE,
  CONSTRAINT `task_documents_ibfk_2` FOREIGN KEY (`document_id`) REFERENCES `model_document` (`id`) ON DELETE CASCADE ON UPDATE CASCADE
) ENGINE=InnoDB DEFAULT CHARSET=utf8;


DROP TABLE IF EXISTS `tbl_profiles`;
CREATE TABLE `tbl_profiles` (
  `user_id` int(11) NOT NULL,
  `lastname` varchar(50) NOT NULL DEFAULT '',
  `firstname` varchar(50) NOT NULL DEFAULT '',
  `middlename` varchar(100) NOT NULL DEFAULT '',
  `doer_post` int(10) NOT NULL DEFAULT '0',
  `photo` varchar(255) NOT NULL DEFAULT '',
  `department` int(10) unsigned DEFAULT NULL,
  PRIMARY KEY (`user_id`),
  KEY `department` (`department`),
  CONSTRAINT `tbl_profiles_ibfk_1` FOREIGN KEY (`user_id`) REFERENCES `tbl_users` (`id`) ON DELETE CASCADE ON UPDATE CASCADE,
  CONSTRAINT `tbl_profiles_ibfk_2` FOREIGN KEY (`department`) REFERENCES `model_listitem` (`id`) ON DELETE SET NULL
) ENGINE=InnoDB DEFAULT CHARSET=utf8;

INSERT INTO `tbl_profiles` (`user_id`, `lastname`, `firstname`, `middlename`, `doer_post`, `photo`, `department`) VALUES
(1,	'Admin',	'Administrator',	'',	227,	'',	NULL);

DROP TABLE IF EXISTS `tbl_profiles_fields`;
CREATE TABLE `tbl_profiles_fields` (
  `id` int(10) NOT NULL AUTO_INCREMENT,
  `varname` varchar(50) NOT NULL,
  `title` varchar(255) NOT NULL,
  `field_type` varchar(50) NOT NULL,
  `field_size` int(3) NOT NULL DEFAULT '0',
  `field_size_min` int(3) NOT NULL DEFAULT '0',
  `required` int(1) NOT NULL DEFAULT '0',
  `match` varchar(255) NOT NULL DEFAULT '',
  `range` varchar(255) NOT NULL DEFAULT '',
  `error_message` varchar(255) NOT NULL DEFAULT '',
  `other_validator` varchar(5000) NOT NULL DEFAULT '',
  `default` varchar(255) NOT NULL DEFAULT '',
  `widget` varchar(255) NOT NULL DEFAULT '',
  `widgetparams` varchar(5000) NOT NULL DEFAULT '',
  `position` int(3) NOT NULL DEFAULT '0',
  `visible` int(1) NOT NULL DEFAULT '0',
  PRIMARY KEY (`id`),
  KEY `varname` (`varname`,`widget`,`visible`)
) ENGINE=InnoDB DEFAULT CHARSET=utf8;

INSERT INTO `tbl_profiles_fields` (`id`, `varname`, `title`, `field_type`, `field_size`, `field_size_min`, `required`, `match`, `range`, `error_message`, `other_validator`, `default`, `widget`, `widgetparams`, `position`, `visible`) VALUES
(1,	'lastname',	'Last Name',	'VARCHAR',	50,	3,	1,	'',	'',	'Incorrect Last Name (length between 3 and 50 characters).',	'',	'',	'',	'',	1,	3),
(2,	'firstname',	'First Name',	'VARCHAR',	50,	1,	1,	'',	'',	'Incorrect First Name (length between 3 and 50 characters).',	'',	'',	'',	'',	0,	3),
(4,	'middlename',	'Отчество',	'VARCHAR',	100,	0,	2,	'',	'',	'',	'',	'',	'',	'',	2,	3),
(7,	'doer_post',	'Должность',	'INTEGER',	10,	0,	2,	'',	'',	'',	'',	'0',	'UWrelBelongsTo',	'{\"modelName\":\"Listitem\",\"optionName\":\"name\",\"emptyField\":\"---\",\"relationName\":\"doer_post\",\"list_root_name\":\"doer_posts\"}',	9,	3),
(8,	'photo',	'Фото',	'VARCHAR',	255,	0,	0,	'',	'',	'',	'{\"file\":{\"allowEmpty\":\"true\",\"maxFiles\":\"1\",\"maxSize\":\"2097152\",\"types\":\"gif jpeg jpg png\"}}',	'',	'UWfile',	'{\"path\":\"uploads/user_photos\"}',	11,	3);

DROP TABLE IF EXISTS `tbl_users`;
CREATE TABLE `tbl_users` (
  `id` int(11) NOT NULL AUTO_INCREMENT,
  `username` varchar(20) NOT NULL,
  `password` varchar(128) NOT NULL,
  `email` varchar(128) NOT NULL,
  `activkey` varchar(128) NOT NULL DEFAULT '',
  `createtime` int(10) NOT NULL DEFAULT '0',
  `lastvisit` int(10) NOT NULL DEFAULT '0',
  `superuser` int(1) NOT NULL DEFAULT '0',
  `status` int(1) NOT NULL DEFAULT '0',
  PRIMARY KEY (`id`),
  UNIQUE KEY `username` (`username`),
  UNIQUE KEY `email` (`email`),
  KEY `status` (`status`),
  KEY `superuser` (`superuser`)
) ENGINE=InnoDB DEFAULT CHARSET=utf8;

INSERT INTO `tbl_users` (`id`, `username`, `password`, `email`, `activkey`, `createtime`, `lastvisit`, `superuser`, `status`) VALUES
(1,	'admin',	'21232f297a57a5a743894a0e4a801fc3',	'webmaster@example.com',	'9a24eff8c15a6a141ece27eb6947da0f',	1261146094,	1405446585,	1,	1);

DROP TABLE IF EXISTS `widget_datagrid`;
CREATE TABLE `widget_datagrid` (
  `machine_name` varchar(100) NOT NULL DEFAULT '',
  `user_id` int(11) NOT NULL,
  `model_name` varchar(100) NOT NULL,
  `title` varchar(100) NOT NULL,
  `visible_column_names` varchar(2000) NOT NULL,
  `filter_attributes` varchar(5000) NOT NULL,
  `page_num` tinyint(4) NOT NULL DEFAULT '1',
  `sort` varchar(100) NOT NULL,
  `order` tinyint(4) NOT NULL,
  `position` tinyint(4) NOT NULL,
  UNIQUE KEY `machine_name` (`machine_name`,`user_id`),
  KEY `user_id` (`user_id`),
  CONSTRAINT `widget_datagrid_ibfk_2` FOREIGN KEY (`user_id`) REFERENCES `tbl_users` (`id`) ON DELETE CASCADE ON UPDATE CASCADE
) ENGINE=InnoDB DEFAULT CHARSET=utf8;


-- 2014-07-16 00:16:32
